,name,faction,loyalty,text,traits,card type,image name,cost,command,attack,health,shields,cycle,war pack,keywords,useful_quantities
0,Captain Cato Sicarius,Space Marines,Signature,"Reaction: After an enemy unit at this planet is destroyed, gain 1 RESOURCE.",Soldier. Ultramarines.,Warlord,Captain_Cato_Sicarius,-1,-1,2,6,0,Core Set,Core Set,Unique.,1
1,Sicarius's Chosen,Space Marines,Signature,"Reaction: After this unit enters play, move a target enemy army unit at an adjacent planet to this planet and deal it 1 damage.",Soldier. Ultramarines.,Army,Sicarius's_Chosen,3,1,2,3,0,Core Set,Core Set,,4
2,Cato's Stronghold,Space Marines,Signature,"Reaction: After an enemy unit is destroyed, exhaust this support to ready a target Space Marines unit at the same planet",Location.,Support,Cato's_Stronghold,2,-1,-1,-1,0,Core Set,Core Set,,1
3,The Fury of Sicarius,Space Marines,Signature,"Reaction: After a Space Marines unit damages an enemy non-warlord unit by an attack, destroy the attacked unit.",Tactic.,Event,The_Fury_of_Sicarius,2,-1,-1,-1,1,Core Set,Core Set,,2
4,Tallassarian Tempest Blade,Space Marines,Signature,"Limit 1 Relic per player.
Attach to a unique unit.
Attached unit gets +1 ATK and gains Armorbane. (Shield cards cannot be used while this unit is attacking.)",Relic. Weapon.,Attachment,Tallassarian_Tempest_Blade,1,-1,-1,-1,3,Core Set,Core Set,Unique.,1
5,10th Company Scout,Space Marines,Common,,Scout. Ultramarines.,Army,10th_Company_Scout,1,1,2,1,0,Core Set,Core Set,,3
6,Tactical Squad Cardinis,Space Marines,Common,Area Effect (1). (When this unit attacks it may instead deal its Area Effect damage to each enemy unit at this planet.),Soldier. Ultramarines.,Army,Tactical_Squad_Cardinis,2,1,1,3,0,Core Set,Core Set,Area Effect.,3
7,Honored Librarian,Space Marines,Loyal,"Enemy units cannot attack this unit while you control a unit not named ""Honored Librarian"" at this planet",Psyker. Ultramarines.,Army,Honored_Librarian,3,1,4,2,0,Core Set,Core Set,,3
8,Blood Angels Veterans,Space Marines,Common,"While this unit is ready, it gains, ""Reaction: After this unit is assigned damage, prevent 1 of that damage.""",Soldier. Blood Angels.,Army,Blood_Angels_Veterans,3,1,3,3,0,Core Set,Core Set,,3
9,Daring Assault Squad,Space Marines,Common,Area Effect (2). (When this unit attacks it may instead deal its Area Effect damage to each enemy unit at this planet.),Soldier. Blood Angels.,Army,Daring_Assault_Squad,4,1,3,3,0,Core Set,Core Set,Area Effect.,3
10,Land Raider,Space Marines,Common,"No Wargear Attachments.
 Non-Vehicle units you control at this planet cannot be targeted by enemy card abilities.",Vehicle. Tank. Elite.,Army,Land_Raider,5,3,3,7,0,Core Set,Core Set,No Wargear Attachments.,3
11,Ultramarines Dreadnought,Space Marines,Loyal,No Wargear Attachments.,Vehicle. Ultramarines. Elite.,Army,Ultramarines_Dreadnought,6,0,8,8,0,Core Set,Core Set,No Wargear Attachments.,3
12,Veteran Brother Maxos,Space Marines,Loyal,Combat Action: Pay the printed cost of a Space Marines unit in your hand to put it into play at this planet.,Soldier. Ultramarines.,Army,Veteran_Brother_Maxos,3,2,2,3,0,Core Set,Core Set,Unique.,3
13,Eager Recruit,Space Marines,Common,Ambush. (You may deploy this card during the combat phase.),Scout. Ultramarines.,Army,Eager_Recruit,1,0,2,1,0,Core Set,Core Set,Ambush.,3
14,Iron Hands Techmarine,Space Marines,Common,This unit gains 1 command icon for each enemy unit at this planet.,Soldier. Iron Hands.,Army,Iron_Hands_Techmarine,3,1,1,3,0,Core Set,Core Set,,3
15,Raven Guard Speeder,Space Marines,Common,"No Wargear Attachments.
 Flying. (This unit takes half damage from non-Flying units.)",Vehicle. Raven Guard.,Army,Raven_Guard_Speeder,4,2,3,3,0,Core Set,Core Set,No Wargear Attachments.Flying.,3
16,Deathwing Guard,Space Marines,Loyal,,Soldier. Dark Angels. Elite.,Army,Deathwing_Guard,5,4,2,9,0,Core Set,Core Set,,3
17,Drop Pod Assault,Space Marines,Loyal,"Combat Action: Target a planet where a battle is taking place. Search the top 6 cards for a Space Marines unit with printed cost 3 or lower. Put that unit into play at the targeted planet, and place the remaining cards on the bottom of your deck in any order.",Tactic.,Event,Drop_Pod_Assault,2,-1,-1,-1,2,Core Set,Core Set,,3
18,Indomitable,Space Marines,Common,"Reaction: After a Space Marines unit is assigned damage by an attack, prevent all of that damage.",Power.,Event,Indomitable,1,-1,-1,-1,1,Core Set,Core Set,,3
19,Exterminatus,Space Marines,Common,Deploy Action: Destroy all non-unique units at a target non-first planet.,Tactic.,Event,Exterminatus,3,-1,-1,-1,1,Core Set,Core Set,,3
20,Godwyn Pattern Bolter,Space Marines,Common,"Attach to an army unit.
Attached unit gets +1 ATK, +1HP, and while attacking ignores the Flying keyword on enemy units.",Wargear. Weapon.,Attachment,Godwyn_Pattern_Bolter,1,-1,-1,-1,1,Core Set,Core Set,,3
21,Iron Halo,Space Marines,Loyal,"Limit 1 Relic per player.
Attach to a unique unit.
Reaction: After attached unit is assigned damage by an attack, exhaust this attachment to prevent all of that damage.",Relic. Wargear.,Attachment,Iron_Halo,3,-1,-1,-1,2,Core Set,Core Set,Unique.,3
22,Fortress-Monastery,Space Marines,Common,"Limited.
Interrupt: When you deploy a Space Marines unit, exhaust this support to reduce that unit's cost by 1.",Location.,Support,Fortress-Monastery,1,-1,-1,-1,0,Core Set,Core Set,Limited.Unique.,3
23,Holy Sepulchre,Space Marines,Common,"Reaction: After a Space Marines unit enters your discard pile, exhaust this support to return that unit to your hand.",Location,Support,Holy_Sepulchre,2,-1,-1,-1,0,Core Set,Core Set,,3
24,Veteran Barbrus,Space Marines,Loyal,"Ambush.
Reaction: After this unit enters play, deal 2 damage to a target army unit at this planet. This ability cannot target Space Marines, Astra Militarum, or Chaos units.",Soldier. Deathwatch.,Army,Veteran_Barbrus,4,2,2,4,0,The Great Devourer,The Great Devourer,Ambush.Unique.,3
25,Vengeance!,Space Marines,Common,"Reaction: After a unit you control is destroyed by an attack, ready a target Space Marines army unit you control at that planet.",Tactic.,Event,Vengeance!,1,-1,-1,-1,1,The Great Devourer,The Great Devourer,,3
26,Ravenwing Escort,Space Marines,Common,"While you control a non-Space Marines warlord, this unit gains Mobile.
Combat Action: Exhaust this unit to move an army unit you control at this planet to another planet.",Scout. Dark Angels.,Army,Ravenwing_Escort,4,1,2,3,0,Legions of Death,Legions of Death,,3
27,Ragnar Blackmane,Space Marines,Signature,"Reaction: After your warlord commits to a planet with an enemy warlord, deal 2 damage to a target enemy unit at that planet.",Soldier. Space Wolves.,Warlord,Ragnar_Blackmane,-1,-1,2,7,0,Warlord Cycle,The Howl of Blackmane,Unique.,1
28,Blackmane Sentinel,Space Marines,Signature,"Reaction: After your warlord commits to a planet, move this unit to that planet.",Soldier. Space Wolves.,Army,Blackmane_Sentinel,2,1,2,2,0,Warlord Cycle,The Howl of Blackmane,,4
29,Frostfang,Space Marines,Signature,"Attach to a Space Wolves unit.
Attached unit gets +2 ATK and +2 HP while it is at a planet with an enemy warlord.",Relic. Wargear. Weapon.,Attachment,Frostfang,2,-1,-1,-1,3,Warlord Cycle,The Howl of Blackmane,Unique.,1
30,Ragnar's Warcamp,Space Marines,Signature,Each Space Wolves unit you control at a planet with your warlord deals double damage while attacking an enemy warlord.,Location.,Support,Ragnar's_Warcamp,3,-1,-1,-1,0,Warlord Cycle,The Howl of Blackmane,Unique.,1
31,Blackmane's Hunt,Space Marines,Signature,"Reaction: After your warlord commits to a planet, commit your warlord to an adjacent planet.",Tactic.,Event,Blackmane's_Hunt,0,-1,-1,-1,1,Warlord Cycle,The Howl of Blackmane,,2
32,Morkai Rune Priest,Space Marines,Loyal,"Forced Interrupt: When a non-Space Wolves unit retreats from this planet, deal 1 damage to that unit.",Psyker. Space Wolves.,Army,Morkai_Rune_Priest,4,1,3,4,0,Warlord Cycle,The Scourge,,3
33,Fenrisian Wolf,Space Marines,Common,"Attach to an army unit.
Reaction: After a battle at this planet begins, exhaust attached unit to deal damage equal to its ATK value to a target army unit at the same planet.",Creature.,Attachment,Fenrisian_Wolf,2,-1,-1,-1,1,Warlord Cycle,The Scourge,,3
34,White Scars Bikers,Space Marines,Common,This unit gets +2 ATK while it is at a planet with a warlord.,Soldier. White Scars.,Army,White_Scars_Bikers,3,1,2,3,0,Warlord Cycle,Gift of the Ethereals,,3
35,Know No Fear,Space Marines,Common,"Deploy Action: Exhaust your warlord to move up to 3 Space Marines units from your HQ, each to a different planet.",Tactic. Maneuver.,Event,Know_No_Fear,1,-1,-1,-1,1,Warlord Cycle,Gift of the Ethereals,,3
36,Crushing Blow,Space Marines,Common,"Reaction: After a Space Marines unit damages an enemy unit, deal 1 unpreventable damage to that enemy unit.",Tactic.,Event,Crushing_Blow,0,-1,-1,-1,1,Warlord Cycle,Gift of the Ethereals,,3
37,Blood Claw Pack,Space Marines,Common,"Reaction: After an enemy warlord commits to this planet, exhaust this unit to put a Space Wolves unit into play from your hand at this planet.",Soldier. Space Wolves.,Army,Blood_Claw_Pack,3,1,2,2,0,Warlord Cycle,Zogwort's Curse,,3
38,Rally the Charge,Space Marines,Common,"Action: Until the end of the phase, a target Space Marines unit you control at a planet with your warlord gets +2 ATK for each command icon it has.",Tactic.,Event,Rally_the_Charge,2,-1,-1,-1,1,Warlord Cycle,Zogwort's Curse,,3
39,Secluded Apothecarion,Space Marines,Loyal,"Reaction: After a Space Marines unit you control is destroyed, exhaust this support to gain 1 RESOURCE.",Location.,Support,Secluded_Apothecarion,1,-1,-1,-1,0,Warlord Cycle,Zogwort's Curse,,3
40,Firedrake Terminators,Space Marines,Common,"Reaction: After this unit is declared as a defender, deal 1 damage to the attacker.",Soldier. Salamanders. Elite.,Army,Firedrake_Terminators,5,2,3,6,0,Warlord Cycle,The Threat Beyond,,3
41,Imperial Fists Siege Force,Space Marines,Common,"Reaction: After you deploy this unit, rout 1 or more target Ally units at this planet.",Soldier. Imperial Fists.,Army,Imperial_Fists_Siege_Force,2,1,2,2,0,Warlord Cycle,The Threat Beyond,,3
42,Nocturne-Ultima Storm Bolter,Space Marines,Loyal,"Attach to an army unit.
After attached unit damages an enemy unit by an attack, deal damage equal to the attached unit's ATK value to another target unit at the same planet.",Wargear. Weapon.,Attachment,Nocturne-Ultima_Storm_Bolter,3,-1,-1,-1,2,Warlord Cycle,The Threat Beyond,,3
43,Space Wolves Predator,Space Marines,Common,"No Wargear Attachments.
Reaction: After you deploy this unit, your opponent cannot commit his warlord to this planet this round unless it is the only planet in play.",Vehicle. Space Wolves. Elite.,Army,Space_Wolves_Predator,7,3,5,5,0,Warlord Cycle,Descendants of Isha,No Wargear Attachments.,3
44,Primal Howl,Space Marines,Loyal,"Reaction: After your warlord commits to a planet with an enemy warlord, draw 3 cards. Max 1 per round.",Power. Space Wolves.,Event,Primal_Howl,0,-1,-1,-1,2,Warlord Cycle,Descendants of Isha,,3
45,Hallow Librarium,Space Marines,Common,Action: Exhaust this support to have a target unit at a planet without an enemy warlord get -2 ATK until the end of the phase.,Location.,Support,Hallow_Librarium,2,-1,-1,-1,0,Warlord Cycle,Descendants of Isha,,3
46,Lone Wolf,Space Marines,Loyal,Action: Exhaust this unit to move it to a target planet with an enemy warlord and without any unit you control.,Soldier. Space Wolves.,Army,Lone_Wolf,3,1,3,3,0,Planetfall Cycle,Decree of Ruin,,3
47,Righteous Initiate,Space Marines,Common,"UNSTOPPABLE - The first time this unit is assigned damage this round, prevent 1 of that damage and this unit gets +2 ATK until the end of the phase.",Soldier. Black Templars.,Army,Righteous_Initiate,2,1,1,2,0,Planetfall Cycle,Decree of Ruin,Unstoppable.,3
48,Accept Any Challenge,Space Marines,Common,"Reaction: After you win a battle at a Tech planet (blue), draw 1 card for each Black Templars unit you control at that planet. (Max 1 per round.)",Tactic. Vow.,Event,Accept_Any_Challenge,1,-1,-1,-1,1,Planetfall Cycle,Decree of Ruin,,3
49,Neophyte Apprentice,Space Marines,Common,"Forced Reaction: After this unit damages an enemy unit by an attack, sacrifice it to search the top 6 cards of your deck for a Black Templars unit with cost 4 or lower. Put that unit into play at this planet, and shuffle the remaining cards into your deck.",Ally. Black Templars. Soldier.,Army,Neophyte_Apprentice,1,1,1,1,0,Planetfall Cycle,Boundless Hate,,3
50,The Black Sword,Space Marines,Loyal,"Attach to a Black Templars army unit.
Reaction: After attached unit is declared as a defender, deal 2 damage to the attacker.",Relic. Weapon.,Attachment,The_Black_Sword,2,-1,-1,-1,2,Planetfall Cycle,Boundless Hate,Unique.,3
51,Imperial Fists Devastators,Space Marines,Common,"Reaction: After you deploy this unit to a Tech planet (blue), destroy a target Location support card.",Soldier. Imperial Fists.,Army,Imperial_Fists_Devastators,4,2,4,3,0,Planetfall Cycle,Deadly Salvage,,3
52,Teleportarium,Space Marines,Common,Action: Exhaust this support to move a Space Marines army unit you control with printed cost 3 or lower from a Tech planet (blue) to an adjacent planet.,Location.,Support,Teleportarium,2,-1,-1,-1,0,Planetfall Cycle,Deadly Salvage,,3
53,Sword Brethren Dreadnought,Space Marines,Loyal,"No Wargear Attachments.
UNSTOPPABLE - The first time this unit is assigned damage this round, prevent 1 of that damage and you may trigger the Battle ability of this planet.",Vehicle. Black Templars. Elite.,Army,Sword_Brethren_Dreadnought,7,3,5,6,0,Planetfall Cycle,What Lurks Below,No Wargear Attachments.Unstoppable.,3
54,Declare the Crusade,Space Marines,Common,"Reaction: After you win a battle at a Tech planet (blue), choose another planet in play and a planet that has been removed from the game. Switch the chosen planets.",Tactic.,Event,Declare_the_Crusade,2,-1,-1,-1,1,Planetfall Cycle,What Lurks Below,,3
55,Cenobyte Servitor,Space Marines,Common,"Attach to a Black Templars unit.
Attached unit gets +1 HP.
Action: Sacrifice this attachment to put a Relic attachment into play from your hand attached to an eligible unit.",Drone.,Attachment,Cenobyte_Servitor,1,-1,-1,-1,1,Planetfall Cycle,What Lurks Below,,3
56,Chaplain Mavros,Space Marines,Signature,Action: Deal 1 damage to a target Space Marines unit you control at a Tech planet (blue). The targeted unit gets +1 ATK until the end of the phase. (Limit twice per phase.),Soldier. Black Templars.,Warlord,Chaplain_Mavros,-1,-1,2,7,0,Planetfall Cycle,Wrath of the Crusaders,Unique.,1
57,Reclusiam Templars,Space Marines,Signature,"UNSTOPPABLE - The first time this unit is assigned damage this round, prevent 1 of that damage and ready this unit.",Soldier. Black Templars.,Army,Reclusiam_Templars,3,1,2,3,0,Planetfall Cycle,Wrath of the Crusaders,Unstoppable.,3
58,The Emperor's Champion,Space Marines,Signature,"Combat Action: A target ready enemy army unit at this planet must be declared as an attacker and this unit declared as a defender during your opponent's next combat turn, if able. (Limit once per combat phase.)",Soldier. Black Templars. Elite.,Army,The_Emperor's_Champion,5,2,3,6,0,Planetfall Cycle,Wrath of the Crusaders,Unique.,1
59,Faith and Hatred,Space Marines,Signature,"Reaction: After a unit you control is assigned damage by an attack, exhaust this support to prevent 1 of that damage.",Creed.,Support,Faith_and_Hatred,0,-1,-1,-1,0,Planetfall Cycle,Wrath of the Crusaders,,1
60,Vow of Honor,Space Marines,Signature,"Reaction: After a Space Marines unit you control takes damage, that unit gets +3 ATK for its next attack this phase.",Power. Vow.,Event,Vow_of_Honor,1,-1,-1,-1,1,Planetfall Cycle,Wrath of the Crusaders,,2
61,Ancient Crozius Arcanum,Space Marines,Signature,"Attach to a unit you control.
Attached unit gains, “Unstoppable - The first time this unit is assigned damage this round, prevent 1 of that damage and remove 1 damage from this unit.”",Wargear. Weapon.,Attachment,Ancient_Crozius_Arcanum,1,-1,-1,-1,3,Planetfall Cycle,Wrath of the Crusaders,,1
62,Reliquary Techmarine,Space Marines,Common,"While this unit is at a Tech planet (blue), it gains: +1 card when command struggle won at this planet.",Soldier. Black Templars. Ally.,Army,Reliquary_Techmarine,3,1,2,4,0,Planetfall Cycle,The Final Gambit,,3
63,Crypt of Saint Camila,Space Marines,Loyal,Deploy Action: Exhaust this support to put a non-Elite Space Marines unit into play from your hand at a Tech planet (blue). (Limit once per phase.),Location. Ecclesiarchy.,Support,Crypt_of_Saint_Camila,4,-1,-1,-1,0,Planetfall Cycle,The Final Gambit,Unique.,3
64,8th Company Assault Squad,Space Marines,Common,"Deep Strike (2).
Reaction: After you Deep Strike this unit, ready a target Space Marines unit at this planet.",Soldier. Dark Angels.,Army,8th_Company_Assault_Squad,3,1,3,3,0,Death World Cycle,Jungles of Nectavus,Deep Strike.,3
65,Valkyris Pattern Jump Pack,Space Marines,Loyal,"Deep Strike (0).
Attach to an army unit you control.
Attached unit gains Flying.",Wargear.,Attachment,Valkyris_Pattern_Jump_Pack,2,-1,-1,-1,2,Death World Cycle,Jungles of Nectavus,Deep Strike.,3
66,Epistolary Vezuel,Space Marines,Signature,"Reaction: After you Deep Strike a card, draw 1 card.",Dark Angels. Psyker.,Warlord,Epistolary_Vezuel,-1,-1,2,6,0,Death World Cycle,Unforgiven,Unique.,1
67,Vezuel's Hunters,Space Marines,Signature,"Deep Strike (1).
Reaction: After you Deep Strike this unit, deal 2 damage to a target enemy army unit at this planet.",Soldier. Dark Angels.,Army,Vezuel's_Hunters,3,1,2,2,0,Death World Cycle,Unforgiven,Deep Strike.,4
68,Dark Angels Cruiser,Space Marines,Signature,Deploy Action: Exhaust this support to put a target unit you control at a planet in reserve.,Dark Angels. Upgrade.,Support,Dark_Angels_Cruiser,0,-1,-1,-1,0,Death World Cycle,Unforgiven,,1
69,Unseen Strike,Space Marines,Signature,"Deep Strike (1).
Reaction: After you Deep Strike this event, you gain the initiative in this battle.",Tactic.,Event,Unseen_Strike,-1,-1,-1,-1,1,Death World Cycle,Unforgiven,Deep Strike.,2
70,Fulgaris,Space Marines,Signature,"Attach to your warlord.
Reaction: After you Deep Strike a card, attached unit gets +1 ATK and +1 HP until the end of the phase.",Wargear. Weapon.,Attachment,Fulgaris,1,-1,-1,-1,3,Death World Cycle,Unforgiven,Unique.,1
71,Salamander Flamer Squad,Space Marines,Common,"Area Effect (1).
Reaction: After this unit readies, deal 1 damage to each enemy unit damaged by this unit this phase.",Soldier. Salamanders.,Army,Salamander_Flamer_Squad,4,2,2,5,0,Death World Cycle,Slash and Burn,Area Effect.,3
72,Techmarine Aspirant,Space Marines,Common,"Each Elite unit you control at this planet gains, “Action: Pay 1 RESOURCE to ready this unit. (Limit once per round.)”",Soldier. Dark Angels.,Army,Techmarine_Aspirant,2,1,1,3,0,Death World Cycle,Slash and Burn,,3
73,Deathstorm Drop Pod,Space Marines,Common,"Reaction: After you Deep Strike a card, deal 1 damage to an enemy army unit at the same planet as that card.",Upgrade. Artillery.,Support,Deathstorm_Drop_Pod,1,-1,-1,-1,0,Death World Cycle,Slash and Burn,,3
74,Deathwing Terminators,Space Marines,Common,"Deep Strike (3).
Reaction: After you Deep Strike this unit, it cannot be targeted by enemy card effects until the end of the first combat round.",Soldier. Dark Angels. Elite.,Army,Deathwing_Terminators,5,2,4,5,0,Death World Cycle,Searching for Truth,Deep Strike.,3
75,Repent!,Space Marines,Common,"Action: Each player exhausts a unit he controls with the highest printed cost among units he controls. Then, each unit exhausted by this effect deals X damage, where X is its ATK value, to the other player's unit exhausted by this effect.",Tactic.,Event,Repent!,2,-1,-1,-1,1,Death World Cycle,Searching for Truth,,3
76,Dark Angels Vindicator,Space Marines,Common,"No Wargear Attachments.
While this unit is attacking it gets +2 ATK for each command icon the defender has.",Vehicle. Tank. Dark Angels.,Army,Dark_Angels_Vindicator,4,2,1,5,0,Death World Cycle,Against the Great Enemy,No Wargear Attachments.,3
77,Imperial Power Fist,Space Marines,Common,"Attach to an army unit you control.
While each other unit you control at this planet is exhausted, attached unit gets +5 ATK.",Wargear. Weapon.,Attachment,Imperial_Power_Fist,2,-1,-1,-1,1,Death World Cycle,Against the Great Enemy,,3
78,Iron Hands Centurion,Space Marines,Common,"While this unit is ready, each unit with printed cost 2 or lower at this planet cannot be declared as an attacker.",Soldier. Iron Hands. Elite.,Army,Iron_Hands_Centurion,5,3,3,7,0,Death World Cycle,The Warp Unleashed,,3
79,Land Speeder Vengeance,Space Marines,Loyal,"Area Effect (3).
 Flying.
 No Wargear Attachments.",Vehicle. Dark Angels. Elite.,Army,Land_Speeder_Vengeance,6,1,4,3,0,Death World Cycle,The Warp Unleashed,No Wargear Attachments.Area Effect.,3
80,Standard of Devastation,Space Marines,Common,"Reaction: After a Dark Angels unit you control is destroyed, each other Space Marines army unit you control gets +1 ATK until the end of the phase.",Relic. Upgrade.,Support,Standard_of_Devastation,3,-1,-1,-1,0,Death World Cycle,The Warp Unleashed,Unique.,3
81,Avenging Squad,Space Marines,Common,"Retaliate (1).
Reaction: After another unit you control at this planet is dealt damage by an enemy unit, this unit gains Retaliate (1) until the end of the phase.",Soldier. Ultramarines.,Army,Avenging_Squad,1,1,1,2,0,Chronicles of Heroes,Chronicles of Heroes,Retaliate.,3
82,Command Predator,Space Marines,Common,"No Wargear Attachments.
Reaction: After a combat turn during which this unit was an attacker ends, take a combat turn. (Limit once per phase.)",Vehicle. Tank. Elite.,Army,Command_Predator,5,2,4,5,0,Confrontation Cycle,By Imperial Decree,No Wargear Attachments.,3
83,Deathwing Interceders,Space Marines,Common,"Deep Strike (2).
Interrupt: When an enemy unit would declare an attack against a unit you control at this planet, Deep Strike this unit to declare it as the defender instead. If this unit is still in play at the end of the phase, return it to your hand.",Soldier. Dark Angels.,Army,Deathwing_Interceders,3,0,2,4,0,Navida Prime Cycle,Enemy Territory,Deep Strike.,3
84,Dodging Land Speeder,Space Marines,Loyal,"No Wargear Attachments.
Deep Strike (1). Flying.
Cannot be damaged by Area Effect.
Interrupt: When this unit is chosen as a defender, exhaust it and move it to an adjacent planet to cancel the attack.",Vehicle. Dark Angels.,Army,Dodging_Land_Speeder,2,1,3,1,0,Chronicles of Heroes,Chronicles of Heroes,No Wargear Attachments.Flying.Deep Strike.,3
85,Dutiful Castellan,Space Marines,Loyal,"While you control an Ecclesiarchy unit, reduce the cost of this unit by 1.
Unstoppable - The first time this unit is assigned damage this turn, prevent 1 of that damage and deal 1 damage to a target unit at this planet.",Martyr. Black Templars.,Army,Dutiful_Castellan,3,1,3,3,0,Chronicles of Heroes,Chronicles of Heroes,Unstoppable.,3
86,Fierce Purgator,Space Marines,Common,"While this unit has faith, it gains Retaliate (3).
Reaction: After this unit resolves its attack, deal 1 damage to a unit at this planet and each adjacent planet.

Editor's note: the 'Action' in the image is meant to read 'Reaction'",Soldier. Grey Knights.,Army,Fierce_Purgator,3,1,1,4,0,Chronicles of Heroes,Chronicles of Heroes,,3
87,Fighting Company Daras,Space Marines,Loyal,"Sweep (1).
Unstoppable - The first time this unit is assigned damage this turn, prevent 1 of that damage and this unit gains Retaliate (2) until the end of the phase.",Soldier. Black Templars.,Army,Fighting_Company_Daras,3,1,2,3,0,Bloodied Path Cycle,The Shadow in the Warp,Sweep.Unstoppable.,3
88,First Line Rhinos,Space Marines,Loyal,"No Wargear Attachments.
Reaction: After you deploy this unit, Rally 6 a non-Vehicle Space Marines unit with printed cost 3 or lower, attach it to this unit. When this unit leaves play, as an interrupt, put the attached unit into play exhausted at the same planet.",Vehicle. Ultramarines.,Army,First_Line_Rhinos,2,1,2,2,0,Defenders of the Faith,Defenders of the Faith,No Wargear Attachments.,3
89,Frenzied Wulfen,Space Marines,Loyal,"Retaliate (2).
Reaction: After this unit enters play, a target army unit at this planet is considered a warlord for your card effects.",Warrior. Mutant. Space Wolves.,Army,Frenzied_Wulfen,3,1,3,3,0,Bloodied Path Cycle,The Shadow in the Warp,Retaliate.,3
90,Grand Master Belial,Space Marines,Loyal,"Deep Strike (2).
Interrupt: When your Bloodied warlord is defeated, discard it, pay 1 RESOURCE and Deep Strike this unit to have it be considered a warlord. If it is defeated you lose the game.",Soldier. Dark Angels.,Army,Grand_Master_Belial,-1,0,2,6,0,Chronicles of Heroes,Chronicles of Heroes,Deep Strike.Unique.,3
91,Hjorvath Coldstorm,Space Marines,Loyal,"While this unit is at a planet with an enemy warlord it gets -2 ATK and -2 HP.
Interrupt: When your opponent triggers an ability that discards a card from your hand, put this unit into play at a planet. Then deal 1 damage to an enemy unit at that planet and draw a card.",Soldier. Space Wolves.,Army,Hjorvath_Coldstorm,1,1,3,3,0,Navida Prime Cycle,Aligned Stars,Unique.,3
92,Inspiring Sergeant,Space Marines,Loyal,"Retaliate (1).
Reaction: After this unit resolves its attack, a target unit at this planet gets +1 ATK and +1 HP until the end of the phase.",Soldier. Ultramarines.,Army,Inspiring_Sergeant,2,1,2,2,0,Chronicles of Heroes,Chronicles of Heroes,Retaliate.,3
93,Interceptor Squad,Space Marines,Common,"While this unit has faith, it gains Mobile.
Reaction: After a unit enters play at an adjacent planet, move this unit to that planet. Then you may deal 1 damage to that unit. (Limit once per phase.)",Soldier. Grey Knights.,Army,Interceptor_Squad,3,1,2,4,0,Chronicles of Heroes,Chronicles of Heroes,,3
94,Knight Paladin Voris,Space Marines,Loyal,"No Attachments. Lumbering. Retaliate (5).
Cannot be targeted.
Each other unit you control at this planet gets +1 ATK and +1 HP.",Questor Imperialis.,Army,Knight_Paladin_Voris,6,6,5,9,0,Chronicles of Heroes,Chronicles of Heroes,No Attachments.Retaliate.Lumbering.Unique.,3
95,Pinning Razorback,Space Marines,Common,"No Wargear Attachments.
Combat Action: A target enemy non-warlord unit at this planet cannot be declared as an attacker during your opponent's next combat turn this round. (Limit once per phase.)",Vehicle. Tank. Space Wolves.,Army,Pinning_Razorback,4,1,2,5,0,Navida Prime Cycle,Promise of War,No Wargear Attachments.,3
96,Prognosticator,Space Marines,Common,"While this unit has faith it gains 1 command icon.
Reaction: After a unit with faith you control is assigned damage, place 1 faith on an army unit at the same planet. (Limit once per round.)",Soldier. Grey Knights.,Army,Prognosticator,2,1,2,2,0,Chronicles of Heroes,Chronicles of Heroes,,3
97,Sanctified Aggressor,Space Marines,Common,"Cannot be damaged by Area Effect.
Reaction: After two or more warlords commit to this planet, gain 1 RESOURCE and place 1 faith on an army unit at this planet.",Soldier. Space Wolves.,Army,Sanctified_Aggressor,3,1,3,4,0,Chronicles of Heroes,Chronicles of Heroes,,3
98,Steadfast Sword Brethren,Space Marines,Common,"Unstoppable - The first time this unit is assigned damage this round, prevent 1 of that damage and another Black Templars unit you control gets +2 HP until the end of the phase.",Soldier. Black Templars.,Army,Steadfast_Sword_Brethren,4,1,3,4,0,Navida Prime Cycle,Breaching the Veil,Unstoppable.,3
99,Storming Librarian,Space Marines,Common,"Retaliate (1).
Reaction: After a combat round begins, deal 4 damage to each enemy unit at this planet attacked by this unit during the previous combat round.",Psyker. Ultramarines.,Army,Storming_Librarian,3,1,1,6,0,Chronicles of Heroes,Chronicles of Heroes,Retaliate.,3
100,Thunderwolf Cavalry,Space Marines,Common,Reaction: After an enemy warlord commits to an adjacent planet with a single army unit you control switch the location of that single unit with this unit.,Soldier. Space Wolves.,Army,Thunderwolf_Cavalry,3,1,3,3,0,Navida Prime Cycle,Overrun,,3
101,Wrathful Dreadnought,Space Marines,Loyal,"No Wargear Attachments.
Unstoppable - The first time this unit is assigned damage this turn, prevent 1 of that damage and a target army unit has its HP value set to 4 until the end of the phase.",Vehicle. Black Templars.,Army,Wrathful_Dreadnought,4,2,6,3,0,Chronicles of Heroes,Chronicles of Heroes,No Wargear Attachments.Unstoppable.,3
102,Call The Storm,Space Marines,Common,"Attach to a planet.
Combat Action: If there is no enemy warlord at this planet, exhaust this attachment to move a target enemy army unit at this planet to a planet with a Space Wolves unit you control.",Power. Space Wolves.,Attachment,Call_The_Storm,2,-1,-1,-1,1,Navida Prime Cycle,Aligned Stars,Unique.,3
103,Centurion Warsuit,Space Marines,Loyal,"Attach to a non-Elite army unit you control.
Attached unit gets +2 ATK, +4 HP and Lumbering.",Wargear.,Attachment,Centurion_Warsuit,1,-1,-1,-1,2,Chronicles of Heroes,Chronicles of Heroes,,3
104,Terminator Armour,Space Marines,Loyal,"Deep Strike (1).
Attach to a Space Marines army unit. Attached unit gets +2 ATK and +2 HP.
Action: Move attached unit to a planet with a Scout unit you control. (Limit once per game.)",Wargear.,Attachment,Terminator_Armour,2,-1,-1,-1,2,Chronicles of Heroes,Chronicles of Heroes,Deep Strike.,3
105,Trapped Objective,Space Marines,Common,"Attach to a non-first planet.
Forced Reaction: After the combat phase begins, sacrifice this attachment and deal 2 damage to a warlord at this planet if able. Then draw a card.",Tactic. Space Wolves.,Attachment,Trapped_Objective,1,-1,-1,-1,1,Navida Prime Cycle,Promise of War,Unique.,3
106,Woken Machine Spirit,Space Marines,Common,"Attach to a Vehicle unit. Limit 1 per unit.
Attached unit gets +1 HP.
Interrupt: When you use a shield card to prevent damage to attached unit, that card gains 1 shield icon. Then the shielded unit gets +1 ATK until the end of the phase.",Hardpoint.,Attachment,Woken_Machine_Spirit,0,-1,-1,-1,1,Navida Prime Cycle,Overrun,,3
107,Aerial Deployment,Space Marines,Loyal,"Reaction: After both players passed during the deploy phase, take an extra deployment turn.",Tactic.,Event,Aerial_Deployment,0,-1,-1,-1,2,Navida Prime Cycle,Breaching the Veil,,3
108,The Emperor's Retribution,Space Marines,Common,"Reaction: After your opponent passes during the deploy phase, move a non-Elite Space Marines army unit from your HQ to a target non-first planet to have it gain 1 command icon until the end of next phase.",Tactic.,Event,The_Emperor's_Retribution,1,-1,-1,-1,1,Chronicles of Heroes,Chronicles of Heroes,,3
109,Uphold His Honor,Space Marines,Common,"The effects of this event cannot be cancelled.
Reaction: After a unit is chosen as a defender, it can trigger its Unstoppable specialization for this attack even if it already triggered this round.",Vow.,Event,Uphold_His_Honor,0,-1,-1,-1,1,Chronicles of Heroes,Chronicles of Heroes,,3
110,Anvil Strike Force,Space Marines,Loyal,"While there is a token on this support, the first shield card with 1 printed shield icon you play each round gains 1 shield icon.
Reaction: After you win a battle at the first planet with your warlord, put a token on this support.",Pledge.,Support,Anvil_Strike_Force,0,-1,-1,-1,0,Chronicles of Heroes,Chronicles of Heroes,Preparation.,1
111,Gladius Strike Force,Space Marines,Loyal,"While there is a token on this support, each Rally and Search you perform is increased by 2.
Reaction: After your warlord resolves an attack against an enemy warlord, put a token on this support.",Pledge.,Support,Gladius_Strike_Force,0,-1,-1,-1,0,Chronicles of Heroes,Chronicles of Heroes,Preparation.,1
112,Talon Strike Force,Space Marines,Loyal,"While there are 3 tokens on this support, you may use each attachment you control as a shield for the attached unit.
Reaction: After you deploy an attachment card, place a token on this support.",Pledge.,Support,Talon_Strike_Force,0,-1,-1,-1,0,Chronicles of Heroes,Chronicles of Heroes,Preparation.,1
113,Mobilize the Chapter,Space Marines,Loyal,"When deployed choose a trait among: Dark Angels, Ultramarines, Space Wolves, Black Templars.
Reaction: After the combat phase begins, draw a card or gain 1 RESOURCE. Use this ability only if each unit you control shares the chosen trait.",Upgrade.,Support,Mobilize_the_Chapter,0,-1,-1,-1,0,Chronicles of Heroes,Chronicles of Heroes,Preparation.Unique.,3
114,The Wolf Within,Space Marines,Loyal,"Action: Sacrifice this support to have up to 2 target Space Wolves units you control get +1 ATK and +1 HP until the end of the phase. If both units are at a planet with 2 or more warlords, gain 1 RESOURCE.",Tale.,Support,The_Wolf_Within,1,-1,-1,-1,0,Bloodied Path Cycle,Herald of the Plague God,Unique.,3
115,Vamii Industrial Complex,Space Marines,Common,"Limited.
Reaction: After the combat phase begins, place 2 RESOURCE on this support. Then you may sacrifice it to deploy a unit from your hand at a non-first planet, reducing its cost by the number of tokens on this support.",Location.,Support,Vamii_Industrial_Complex,3,-1,-1,-1,0,Navida Prime Cycle,Aligned Stars,Limited.,3
116,Castellan Crowe,Space Marines,Signature,"Each unit you control is considered to have faith.
Reaction: After an army unit damages an enemy army unit by an attack, pay X faith to deal X damage to that enemy unit.",Soldier. Grey Knights.,Warlord,Castellan_Crowe,-1,-1,2,7,0,Chronicles of Heroes,Chronicles of Heroes,Unique.,1
117,Brotherhood Justicar,Space Marines,Signature,"Unstoppable - The first time this unit is assigned damage this turn, prevent 1 of that damage and place 1 faith on it.
Reaction: After you deploy this unit place 1 faith on each unit you control at this planet.",Soldier. Grey Knights.,Army,Brotherhood_Justicar,3,1,3,3,0,Chronicles of Heroes,Chronicles of Heroes,Unstoppable.,4
118,Humanity's Shield,Space Marines,Signature,"This card (in your hand or in play) may be used as a shield card with 2 shield icons.
Reaction: After your opponent wins a command struggle, place 1 faith on an army unit.",Creed. Grey Knights.,Support,Humanity's_Shield,1,-1,-1,-1,0,Chronicles of Heroes,Chronicles of Heroes,,1
119,Psychic Ward,Space Marines,Signature,"Interrupt: When your opponent plays an event card, cancel its effects.Your opponent may place 1 faith on your warlord and exhaust their warlord to cancel this effect.",Power. Grey Knights.,Event,Psychic_Ward,0,-1,-1,-1,1,Chronicles of Heroes,Chronicles of Heroes,,2
120,The Blade of Antwyr,Space Marines,Signature,"Attach to a Grey Knights unit.
Attached unit gets +1 HP.
Reaction: After attached unit commits to a planet, place 1 faith on a unit you control at each adjacent planet.",Wargear. Daemon.,Attachment,The_Blade_of_Antwyr,1,-1,-1,-1,3,Chronicles of Heroes,Chronicles of Heroes,Unique.,1
121,Chapter Champion Varn,Space Marines,Signature,"Reduce by 1 the cost of the first support you deploy each round.
If a support has more damage on it than its cost, sacrifice it.
Forced Interrupt: When an army unit you control takes damage equal or lower than its remaining HP, move 1 of that damage to a support card you control.",Soldier. Imperial Fists.,Warlord,Chapter_Champion_Varn,-1,-1,2,7,0,Confrontation Cycle,By Imperial Decree,Unique.,1
122,3rd Company Tactical Squad,Space Marines,Signature,"While you control no support cards this unit gains 1 command icon.
Interrupt: When this unit leaves play, Rally 6 a support card, add it to your hand.",Soldier. Imperial Fists.,Army,3rd_Company_Tactical_Squad,2,1,2,3,0,Confrontation Cycle,By Imperial Decree,,3
123,Citadel of Vamii,Space Marines,Signature,"Cannot be targeted by enemy card abilities.
For the purposes of card effects, this card is considered to have a cost of 4.
Reaction: After a support card enters play, treat its printed text box as blank until the end of the round and remove 1 damage from a support card.",Location.,Support,Citadel_of_Vamii,2,-1,-1,-1,0,Confrontation Cycle,By Imperial Decree,,1
124,Fortress of Mangeras,Space Marines,Signature,"Cannot be targeted by enemy card abilities.
For the purposes of card effects, this card is considered to have a cost of 4.
Reaction: After a support card you control leaves play, draw a card.",Location.,Support,Fortress_of_Mangeras,3,-1,-1,-1,0,Confrontation Cycle,By Imperial Decree,,1
125,Memories of Fallen Comrades,Space Marines,Signature,"Attach to your warlord.
Attached unit gets +1 HP.
Combat Action: Exhaust this attachment to remove 1 damage from up to 2 support cards you control.",Wargear.,Attachment,Memories_of_Fallen_Comrades,1,-1,-1,-1,3,Confrontation Cycle,By Imperial Decree,,1
126,The Siege Masters,Space Marines,Signature,"The effects of this event cannot be cancelled.
Action: Exhaust a target enemy support card and Rally 8 a support card, add it to your hand.",Tactic. Imperial Fists.,Event,The_Siege_Masters,1,-1,-1,-1,1,Confrontation Cycle,By Imperial Decree,,2
127,Mephiston,Space Marines,Signature,"Each unit you control gains Retaliate (1).
Interrupt: When the command phase ends, if your opponent won more command struggles than you this phase, draw a card or gain 1 RESOURCE.",Myth. Blood Angels.,Warlord,Mephiston,-1,-1,2,7,0,Chronicles of Heroes,Chronicles of Heroes,Unique.,1
128,Sanguinary Guard,Space Marines,Signature,"You may deploy this unit from your hand at a planet with your warlord as though it had Ambush.
Interrupt: When you win a battle at this planet, return this unit to your hand.",Blood Angels. Elite.,Army,Sanguinary_Guard,2,1,2,2,0,Chronicles of Heroes,Chronicles of Heroes,,4
129,The Black Rage,Space Marines,Signature,"Action: Exhaust this support to give a target Space Marines army unit you control +1 ATK, +1 HP and Retaliate (1). If that unit is still in play at the end of the phase, sacrifice it.",Flaw. Blood Angels.,Support,The_Black_Rage,1,-1,-1,-1,0,Chronicles of Heroes,Chronicles of Heroes,,1
130,The Bloodied Host,Space Marines,Signature,"Play only during a battle.
Action: Each unit you control gets +2 HP until the end of the combat round. (Max 1 per round.)",Tale.,Event,The_Bloodied_Host,1,-1,-1,-1,1,Chronicles of Heroes,Chronicles of Heroes,,2
131,"Vitarus, the Sanguine Sword",Space Marines,Signature,"Deep Strike (0).
Attach to a unit.
Attached unit gets +1 ATK, +1 HP, and Retaliate (3).",Wargear.,Attachment,"Vitarus,_the_Sanguine_Sword",1,-1,-1,-1,3,Chronicles of Heroes,Chronicles of Heroes,Deep Strike.Unique.,1
132,Colonel Straken,Astra Militarum,Signature,Each other soldier or warrior unit you control at this planet gets +1 ATK.,Soldier. Catachan.,Warlord,Colonel_Straken,-1,-1,2,6,0,Core Set,Core Set,Unique.,1
133,Straken's Command Squad,Astra Militarum,Signature,"Interrupt: When this unit leaves play, put a Guardsman token into play at the same planet.",Soldier. Catachan.,Army,Straken's_Command_Squad,2,1,2,2,0,Core Set,Core Set,,4
134,Omega Zero Command,Astra Militarum,Signature,"Reaction: After you win a command struggle, put a Guardsman token into play at that planet.",Location.,Support,Omega_Zero_Command,2,-1,-1,-1,0,Core Set,Core Set,,1
135,Glorious Intervention,Astra Militarum,Signature,"Reaction: After a unit is assigned damage by an attack, sacrifice a Soldier or Warrior unit at the same planet to prevent all of that damage. Then, deal X damage to the attacker. X is the sacrificed unit's printed ATK value.",Tactic.,Event,Glorious_Intervention,1,-1,-1,-1,1,Core Set,Core Set,,2
136,Straken's Cunning,Astra Militarum,Signature,"Attach to an army unit.
Attached unit gets +1 ATK.
Interrupt: When attached unit leaves play, draw 3 cards.",Skill.,Attachment,Straken's_Cunning,1,-1,-1,-1,3,Core Set,Core Set,,1
137,Ratling Deadeye,Astra Militarum,Common,Ranged. (This unit attacks during the ranged skirmish at the beginning of a battle.),Scout. Abhuman.,Army,Ratling_Deadeye,1,1,1,1,0,Core Set,Core Set,Ranged.,3
138,Cadian Mortar Squad,Astra Militarum,Loyal,"Ranged. (This unit attacks during the ranged skirmish at the beginning of a battle.)
Reaction: After an army unit you control at this planet leaves play, ready this unit.",Soldier. Cadia.,Army,Cadian_Mortar_Squad,3,2,1,3,0,Core Set,Core Set,Ranged.,3
139,Sanctioned Psyker,Astra Militarum,Common,,Psyker.,Army,Sanctioned_Psyker,2,2,0,4,0,Core Set,Core Set,,3
140,Leman Russ Battle Tank,Astra Militarum,Loyal,No Wargear Attachments.,Vehicle. Tank. Elite.,Army,Leman_Russ_Battle_Tank,5,4,4,6,0,Core Set,Core Set,No Wargear Attachments.,3
141,Mordian Hellhound,Astra Militarum,Common,"No Wargear Attachments.
Area Effect (1). (When this unit attacks it may instead deal its Area Effect damage to each enemy unit at this planet.",Vehicle. Tank. Mordian.,Army,Mordian_Hellhound,4,2,3,3,0,Core Set,Core Set,No Wargear Attachments.Area Effect.,3
142,Assault Valkyrie,Astra Militarum,Common,"No Wargear Attachments.
 Flying. (This unit takes half damage from non-Flying units.",Vehicle. Transport.,Army,Assault_Valkyrie,4,1,4,4,0,Core Set,Core Set,No Wargear Attachments.Flying.,3
143,Stalwart Ogryn,Astra Militarum,Common,Immune to enemy events.,Warrior. Abhuman.,Army,Stalwart_Ogryn,2,1,2,2,0,Core Set,Core Set,,3
144,Captain Markis,Astra Militarum,Loyal,Action: Sacrifice an Astra Militarum unit at this planet to exhaust a target non-warlord unit at this planet. (Limit once per phase.),Soldier. Officer. Vostroya.,Army,Captain_Markis,3,2,2,3,0,Core Set,Core Set,Unique.,3
145,Enginseer Augur,Astra Militarum,Loyal,"Interrupt: When this unit leaves play, search the top 6 cards of your deck for an Astra Militarum support card with printed cost 2 or lower. Put that card into play at your HQ, and place the remaining cards on the bottom of your deck in any order.",Scholar. Tech-Priest.,Army,Enginseer_Augur,2,0,2,2,0,Core Set,Core Set,,3
146,Penal Legionnaire,Astra Militarum,Common,,Conscript. Ally.,Army,Penal_Legionnaire,0,0,1,1,0,Core Set,Core Set,,3
147,Infantry Conscripts,Astra Militarum,Common,This unit gets +2 ATK for each support you control.,Conscript.,Army,Infantry_Conscripts,4,0,0,5,0,Core Set,Core Set,,3
148,Elysian Assault Team,Astra Militarum,Common,"Interrupt: When a Soldier or Warrior unit you control leaves play from a planet, put this unit into play from your hand at the same planet.",Soldier. Elysia.,Army,Elysian_Assault_Team,2,0,2,1,0,Core Set,Core Set,,3
149,Preemptive Barrage,Astra Militarum,Loyal,Combat Action: Target up to 3 Astra Militarum units you control at the same planet. Each targeted unit gains Ranged until the end of the phase. (Units with Ranged attack during the ranged skirmish at the beginning of the battle.),Tactic.,Event,Preemptive_Barrage,1,-1,-1,-1,2,Core Set,Core Set,,3
150,Suppressive Fire,Astra Militarum,Common,Combat Action: Exhaust a unit you control to exhaust a target non-warlord unit at the same planet.,Tactic.,Event,Suppressive_Fire,0,-1,-1,-1,1,Core Set,Core Set,,3
151,Hostile Environment Gear,Astra Militarum,Common,"Attach to an army unit.
Attached unit gets +3 HP.",Wargear. Armor.,Attachment,Hostile_Environment_Gear,1,-1,-1,-1,1,Core Set,Core Set,,3
152,Bodyguard,Astra Militarum,Loyal,"Attach to an army unit you control.
Forced Reaction: After a unit you control is assigned damage by an attack at this planet, reassign 1 of that damage to attached unit.",Condition.,Attachment,Bodyguard,0,-1,-1,-1,2,Core Set,Core Set,,3
153,Imperial Bunker,Astra Militarum,Common,"Limited. (Limit one Limited card per round.)
Interrupt: When you deploy an Astra Militarum unit, exhaust this support to reduce that unit's cost by 1.",Location.,Support,Imperial_Bunker,1,-1,-1,-1,0,Core Set,Core Set,Limited.Unique.,3
154,Rockcrete Bunker,Astra Militarum,Loyal,"If this card has 4 or more damage on it, sacrifice it.
Reaction: After damage is assigned to a unit you control, exhaust this support to reassign 1 of that damage to this support.",Upgrade.,Support,Rockcrete_Bunker,1,-1,-1,-1,0,Core Set,Core Set,,3
155,Catachan Outpost,Astra Militarum,Common,Combat Action: Exhaust this support to give a target unit +2 ATK for its next attack this phase.,Location.,Support,Catachan_Outpost,2,-1,-1,-1,0,Core Set,Core Set,,3
156,Seraphim Superior Allegra,Astra Militarum,Loyal,"Reaction: After this unit is declared as an attacker, ready a target support card you control.",Ecclesiarchy. Soldier.,Army,Seraphim_Superior_Allegra,4,2,3,4,0,The Great Devourer,The Great Devourer,Unique.,3
157,Holy Fusillade,Astra Militarum,Common,"Reaction: After a combat round begins, exhaust this support to resolve a ranged skirmish at this battle.",Upgrade. Ecclesiarchy.,Support,Holy_Fusillade,1,-1,-1,-1,0,The Great Devourer,The Great Devourer,,3
158,Standard Bearer,Astra Militarum,Common,"While you control a non-Astra Militarum warlord, you may deploy this unit from your hand as if it had Ambush.
Reaction: After this unit enters play, ready an army unit you control at this planet.",Soldier.,Army,Standard_Bearer,3,1,2,2,0,Legions of Death,Legions of Death,Ambush.,3
159,Interrogator Acolyte,Astra Militarum,Loyal,"Interrupt: When this unit leaves play, draw 2 cards.",Soldier. Inquisitor.,Army,Interrogator_Acolyte,3,1,2,2,0,Warlord Cycle,The Howl of Blackmane,,3
160,Muster the Guard,Astra Militarum,Common,Deploy Action: Exhaust your warlord to reduce the cost of each Astra Militarum unit you deploy this phase by 1.,Tactic. Maneuver.,Event,Muster_the_Guard,0,-1,-1,-1,1,Warlord Cycle,The Howl of Blackmane,,3
161,Noble Deed,Astra Militarum,Common,Action: Sacrifice an Astra Militarum unit to deal damage equal to its printed ATK value to a target enemy army unit at the same planet.,Tactic.,Event,Noble_Deed,1,-1,-1,-1,1,Warlord Cycle,The Howl of Blackmane,,3
162,Iron Guard Recruits,Astra Militarum,Common,,Conscript. Mordian.,Army,Iron_Guard_Recruits,2,2,1,2,0,Warlord Cycle,The Scourge,,3
163,Dozer Blade,Astra Militarum,Common,"Attached to a vehicle army unit.
Attached unit gets +2 HP.",Hardpoint.,Attachment,Dozer_Blade,0,-1,-1,-1,1,Warlord Cycle,The Scourge,,3
164,Inquisitorial Fortress,Astra Militarum,Loyal,Action: Exhaust and sacrifice this support to rout a target army unit.,Location.,Support,Inquisitorial_Fortress,2,-1,-1,-1,0,Warlord Cycle,The Scourge,,3
165,Mystic Warden,Astra Militarum,Common,"Forced Reaction: After a battle at this planet ends, sacrifice this unit.",Psyker.,Army,Mystic_Warden,0,0,2,2,0,Warlord Cycle,Gift of the Ethereals,,3
166,To Arms!,Astra Militarum,Loyal,Action: Ready a target support card.,Tactic.,Event,To_Arms!,0,-1,-1,-1,2,Warlord Cycle,Gift of the Ethereals,,3
167,Honorifica Imperialis,Astra Militarum,Loyal,"Attach to an army unit.
While at a planet with an enemy warlord attached unit gains Armorbane and Ranged.",Wargear. Award.,Attachment,Honorifica_Imperialis,2,-1,-1,-1,2,Warlord Cycle,Gift of the Ethereals,,3
168,Steel Legion Chimera,Astra Militarum,Common,"No Wargear Attachments.
Reaction: After a non-Vehicle unit you control at this planet is assigned damage by an attack, prevent 1 of that damage.",Vehicle. Transport.,Army,Steel_Legion_Chimera,3,1,2,4,0,Warlord Cycle,Zogwort's Curse,No Wargear Attachments.,3
169,Tallarn Raiders,Astra Militarum,Common,This unit gets +2 ATK while it is at a planet with a warlord.,Soldier. Tallarn.,Army,Tallarn_Raiders,1,1,0,2,0,Warlord Cycle,Zogwort's Curse,,3
170,Staging Ground,Astra Militarum,Common,Action: Exhaust this support to deploy a unit with printed cost 2 or lower at a planet,Location.,Support,Staging_Ground,1,-1,-1,-1,0,Warlord Cycle,Zogwort's Curse,,3
171,Torquemada Coteaz,Astra Militarum,Signature,Combat Action: Sacrifice a unit at this planet to give this warlord +3 ATK for its next attack this phase. (Limit once per attack).,Soldier. Inquisitor.,Warlord,Torquemada_Coteaz,-1,-1,0,8,0,Warlord Cycle,The Threat Beyond,Unique.,1
172,Coteaz's Henchmen,Astra Militarum,Signature,"Interrupt: When this unit leaves play, ready your warlord",Soldier.,Army,Coteaz's_Henchmen,2,1,1,3,0,Warlord Cycle,The Threat Beyond,,4
173,Formosan Black Ship,Astra Militarum,Signature,"Interrupt: When you sacrifice a non-token unit, exhaust this support to put 2 Guardsman tokens into play at the same planet as the sacrificed unit.",Upgrade.,Support,Formosan_Black_Ship,1,-1,-1,-1,0,Warlord Cycle,The Threat Beyond,,1
174,The Glovodan Eagle,Astra Militarum,Signature,"Attach to your warlord.
Attached warlord gets +1 ATK.
Combat Action: Detach this card to have it become an army unit with 1 ATK and 1 HP and the text: “Action: Return this unit to your hand.”",Familiar.,Attachment,The_Glovodan_Eagle,1,-1,-1,-1,3,Warlord Cycle,The Threat Beyond,Unique.,1
175,The Emperor Protects,Astra Militarum,Signature,"Interrupt: When a unit you control leaves play from a planet with your warlord, return that unit to your hand instead.",Tactic.,Event,The_Emperor_Protects,0,-1,-1,-1,1,Warlord Cycle,The Threat Beyond,,2
176,Shrieking Basilisk,Astra Militarum,Common,"No Wargear Attachments.
Ranged.
Reaction: After this unit damages an enemy unit, exhaust a target support card.",Vehicle. Artillery. Elite.,Army,Shrieking_Basilisk,6,3,3,5,0,Warlord Cycle,Descendants of Isha,No Wargear Attachments.Ranged.,3
177,The Emperor's Warrant,Astra Militarum,Loyal,"Combat Action: Exhaust a target enemy unit at a planet without an enemy warlord. Then, deal damage equal to that unit's ATK value to another target unit at that planet.",Tactic.,Event,The_Emperor's_Warrant,2,-1,-1,-1,2,Warlord Cycle,Descendants of Isha,,3
178,Broderick Worr,Astra Militarum,Signature,"Army units that retreat from this planet are destroyed instead.
Each other Astra Militarum unit you control at a Strongpoint planet (green) gets +1 ATK and gains, “Cannot retreat or be routed.”",Soldier. Commissar.,Warlord,Broderick_Worr,-1,-1,2,6,0,Planetfall Cycle,Decree of Ruin,Unique.,1
179,Anxious Infantry Platoon,Astra Militarum,Signature,"Forced Reaction: After a combat round at this planet ends, you may pay 1 RESOURCE. If you do not, retreat this unit.",Soldier.,Army,Anxious_Infantry_Platoon,2,1,3,3,0,Planetfall Cycle,Decree of Ruin,,4
180,Forward Barracks,Astra Militarum,Signature,"Reaction: After a combat round ends, if you control an Astra Militarum unit at the planet where the battle is taking place, put 1 Guardsman token into play at that planet.",Location.,Support,Forward_Barracks,2,-1,-1,-1,0,Planetfall Cycle,Decree of Ruin,,1
181,Summary Execution,Astra Militarum,Signature,"Play only during a battle.
Combat Action: Sacrifice a unit at a planet with your warlord to have that planet gain a Strongpoint icon (green) until the end of the battle. Then, draw 1 card.",Tactic.,Event,Summary_Execution,0,-1,-1,-1,1,Planetfall Cycle,Decree of Ruin,,2
182,Commissarial Bolt Pistol,Astra Militarum,Signature,"Attach to a Commissar unit.
Attached unit gets +1 ATK.
Reaction: After an army unit you control at this planet leaves play, deal 1 damage to a target army unit at this planet.",Wargear. Weapon.,Attachment,Commissarial_Bolt_Pistol,1,-1,-1,-1,3,Planetfall Cycle,Decree of Ruin,,1
183,Sacaellum Shrine Guard,Astra Militarum,Common,While this unit is at a Strongpoint planet (green) it gets +1 ATK and +1 HP.,Soldier. Sacaellum. Ally.,Army,Sacaellum_Shrine_Guard,1,1,1,1,0,Planetfall Cycle,Boundless Hate,,3
184,Troop Transport,Astra Militarum,Loyal,"Limited.
Action: Sacrifice this support to either put a Guardsman token into play at a planet, or put 2 Guardsman tokens into play at a Strongpoint planet (green).",Upgrade.,Support,Troop_Transport,0,-1,-1,-1,0,Planetfall Cycle,Boundless Hate,Limited.,3
185,Death Korps Engineers,Astra Militarum,Common,Action: Sacrifice this unit to destroy a target exhausted support card.,Soldier. Krieg.,Army,Death_Korps_Engineers,2,0,2,3,0,Planetfall Cycle,Deadly Salvage,,3
186,Vanguard Soldiers,Astra Militarum,Loyal,"Interrupt: When this unit leaves play, ready another target army unit you control.",Soldier. Sacaellum.,Army,Vanguard_Soldiers,3,1,3,3,0,Planetfall Cycle,Deadly Salvage,,3
187,Inspirational Fervor,Astra Militarum,Common,"Reaction: After you win a battle at a Strongpoint planet (green), move up to 2 non-warlord units you control at that planet to a target planet.",Tactic.,Event,Inspirational_Fervor,1,-1,-1,-1,1,Planetfall Cycle,Deadly Salvage,,3
188,Taurox APC,Astra Militarum,Common,"No Wargear Attachments.
Reaction: After a combat round at a Strongpoint planet (green) ends, move this unit to that planet.",Vehicle. Transport.,Army,Taurox_APC,2,1,2,2,0,Planetfall Cycle,What Lurks Below,No Wargear Attachments.,3
189,M35 Galaxy Lasgun,Astra Militarum,Common,"Attach to a non-warlord unit.
Attached unit gets +1 ATK and +1 HP.
Interrupt: When attached unit leaves play, return this attachment to your hand.",Wargear. Weapon.,Attachment,M35_Galaxy_Lasgun,1,-1,-1,-1,1,Planetfall Cycle,What Lurks Below,,3
190,Sacaellum's Finest,Astra Militarum,Loyal,"Reaction: After you win a battle at a non-first Strongpoint planet (green), instead of triggering the planet's Battle ability, put this unit into play from your hand at a Strongpoint planet (green).",Soldier. Sacaellum.,Army,Sacaellum's_Finest,4,2,3,4,0,Planetfall Cycle,Wrath of the Crusaders,,3
191,Cathedral of Saint Camila,Astra Militarum,Loyal,Combat Action: Exhaust this support to target up to 1 non-Elite enemy army unit at each Strongpoint planet (green). Exhaust each targeted unit. (Limit once per phase.),Location. Ecclesiarchy.,Support,Cathedral_of_Saint_Camila,3,-1,-1,-1,0,Planetfall Cycle,Wrath of the Crusaders,Unique.,3
192,Leman Russ Conqueror,Astra Militarum,Common,"No Wargear Attachments.
Reaction: After this unit resolves an attack, it gets +3 ATK until the end of the phase.",Vehicle. Tank. Elite.,Army,Leman_Russ_Conqueror,6,3,3,7,0,Planetfall Cycle,The Final Gambit,No Wargear Attachments.,3
193,Bolster the Defense,Astra Militarum,Loyal,Combat Action: Put a support card into play from your hand with printed cost equal to or lower than the highest number of army unit you control at a planet.,Tactic.,Event,Bolster_the_Defense,0,-1,-1,-1,2,Planetfall Cycle,The Final Gambit,,3
194,Imperial Rally Point,Astra Militarum,Common,"Attach to a Strongpoint planet (green).
Reduce the cost of each Astra Militarum unit you deploy at this planet by 1 (to a minimum of 1).",Location.,Attachment,Imperial_Rally_Point,1,-1,-1,-1,1,Planetfall Cycle,The Final Gambit,,3
195,Vostroyan Officer,Astra Militarum,Common,Each Elite unit you control at this planet gains Immune to enemy events.,Soldier. Vostroya.,Army,Vostroyan_Officer,2,1,1,3,0,Death World Cycle,Jungles of Nectavus,,3
196,Scion Strike Force,Astra Militarum,Common,"Deep Strike (3), Ranged.",Soldier. Elite.,Army,Scion_Strike_Force,5,2,3,4,0,Death World Cycle,Jungles of Nectavus,Ranged.Deep Strike.,3
197,No Surprises,Astra Militarum,Common,Deploy Action: Destroy a target card in reserve.,Tactic.,Event,No_Surprises,1,-1,-1,-1,1,Death World Cycle,Jungles of Nectavus,,3
198,Firstborn Battalion,Astra Militarum,Loyal,While you control 3 or more support cards this unit gains Mobile and Ranged.,Soldier. Vostroya.,Army,Firstborn_Battalion,4,2,3,4,0,Death World Cycle,Unforgiven,,3
199,Clearcut Refuge,Astra Militarum,Common,Action: Exhaust this support to give a target unit +X HP until the end of the phase. X is the highest printed cost among units you control.,Location,Support,Clearcut_Refuge,1,-1,-1,-1,0,Death World Cycle,Unforgiven,Unique.,3
200,Grigory Maksim,Astra Militarum,Signature,"While a unit you control is being dealth damage, support cards may be used as shield cards with 1 shield icon. If the shielded card is a Tank, that support card has 2 shield icons instead.",Soldier. Vostroya.,Warlord,Grigory_Maksim,-1,-1,1,7,0,Death World Cycle,Slash and Burn,Unique.,1
201,Maksim's Squadron,Astra Militarum,Signature,"No Wargear Attachments.
Interrupt: When you use a shield card to prevent this unit from taking damage, that card gains 1 shield icon.",Vehicle. Tank. Vostroya.,Army,Maksim's_Squadron,3,1,2,3,0,Death World Cycle,Slash and Burn,No Wargear Attachments.,4
202,Clearing the Path,Astra Militarum,Signature,"Reaction: After you win a battle at a planet with your warlord, put an Astra Militarum support card from your discard pile into play at your HQ.",Stratagem.,Support,Clearing_the_Path,2,-1,-1,-1,0,Death World Cycle,Slash and Burn,,1
203,Keep Firing!,Astra Militarum,Signature,Combat Action: Ready a target Tank unit you control.,Tactic.,Event,Keep_Firing!,1,-1,-1,-1,1,Death World Cycle,Slash and Burn,,2
204,Searchlight,Astra Militarum,Signature,"Attached unit gains 1 command icon.
Exhaust your warlord to move attached unit to another planet.
Action: Exhaust your warlord to move attached unit to another planet.",Hardpoint.,Attachment,Searchlight,1,-1,-1,-1,3,Death World Cycle,Slash and Burn,,1
205,Enginseer Mechanic,Astra Militarum,Common,"Reaction: After a Vehicle unit you control at this planet is assigned damage, exhaust this unit to prevent up to 2 of that damage.",Scholar.,Army,Enginseer_Mechanic,3,1,1,6,0,Death World Cycle,Searching for Truth,,3
206,Griffon Escort,Astra Militarum,Loyal,"No Wargear Attachments.
Reaction: After this unit enters play, put 2 Guardsman tokens into play at this planet.",Vehicle. Tank.,Army,Griffon_Escort,4,1,2,4,0,Death World Cycle,Searching for Truth,No Wargear Attachments.,3
207,Hot-Shot Laspistol,Astra Militarum,Common,"Attach to an army unit you control.
Attached unit gets +2 ATK.
Damage cannot be removed from units at the same planet as attached unit.",Weapon. Wargear.,Attachment,Hot-Shot_Laspistol,1,-1,-1,-1,1,Death World Cycle,Searching for Truth,,3
208,Catachan Tracker,Astra Militarum,Common,Increase the Deep Strike value of each card you opponent controls at this planet by 2.,Soldier. Catachan.,Army,Catachan_Tracker,3,1,2,3,0,Death World Cycle,Against the Great Enemy,,3
209,Death Serves the Emperor,Astra Militarum,Common,"Interrupt: When a Vehicle unit you control is destroyed, gain resources equal to its printed cost. Max 1 per round.",Tactic.,Event,Death_Serves_the_Emperor,0,-1,-1,-1,1,Death World Cycle,Against the Great Enemy,,3
210,Mars Alpha Exterminator,Astra Militarum,Loyal,"No Wargear Attachments.
Reaction: After this unit is declared as an attacker, destroy either a target army unit with printed cost 2 or lower at this planet or a target token unit at this planet.",Vehicle. Tank. Elite.,Army,Mars_Alpha_Exterminator,6,2,4,6,0,Death World Cycle,The Warp Unleashed,No Wargear Attachments.,3
211,Jungle Trench,Astra Militarum,Loyal,Combat Action: Exhaust this support to prevent 1 damage from each attack made by a non-warlord unit this combat round.,Location.,Support,Jungle_Trench,2,-1,-1,-1,0,Death World Cycle,The Warp Unleashed,,3
212,23rd Mechanised Battalion,Astra Militarum,Loyal,"No Attachments. Cannot be targeted.
Reaction: After the second combat round ends at this planet, if there is at least one enemy unit, retreat this unit to put 4 Guardsman tokens into play at this planet. Then deal 5 damage to this unit.",Corps. Transport.,Army,23rd_Mechanised_Battalion,5,3,1,12,0,Navida Prime Cycle,Aligned Stars,No Attachments.,3
213,Armored Fist Squad,Astra Militarum,Common,"No Wargear attachments.
This unit gets +2 HP while it is at a planet with a warlord.
Interrupt: When this unit retreats, exhaust a non-warlord unit at this planet.
",Vehicle. Tank. Transport.,Army,Armored_Fist_Squad,2,1,2,2,0,Navida Prime Cycle,Aligned Stars,No Wargear Attachments.,3
214,Catachan Devils Patrol,Astra Militarum,Common,"Interrupt: When a unit you control is chosen as a defender, deploy this unit from your hand at the same planet. Then your opponent must choose to either deal 2 damage to the attacker or cancel the remainder of the attack.",Soldier. Catachan.,Army,Catachan_Devils_Patrol,2,1,2,2,0,Navida Prime Cycle,Promise of War,,3
215,Celestian Amelia,Astra Militarum,Loyal,"Reaction: After an enemy unit is declared as an attacker at this planet, while that unit is attacking, reduce all damage taken by other Astra Militarum units you control to 1. (Limit once per phase.)",Soldier. Martyr. Ecclesiarchy.,Army,Celestian_Amelia,3,1,3,3,0,Navida Prime Cycle,Enemy Territory,Unique.,3
216,Commissar Somiel,Astra Militarum,Loyal,"Reaction: After an Astra Militarum Transport unit you control leaves play, put a Guardsman token into play at your HQ.",Soldier. Officer. Commissar.,Army,Commissar_Somiel,2,2,1,2,0,Navida Prime Cycle,Breaching the Veil,Unique.,3
217,Devoted Hospitaller,Astra Militarum,Loyal,"While you control a Commissar unit, you cannot deploy this unit.
Reaction: After this unit enters play, place 2 faith among army units you control. Then you may exhaust an enemy army unit at this planet and deal damage equal to its ATK value to this unit.",Novice. Ecclesiarchy.,Army,Devoted_Hospitaller,2,1,1,2,0,Defenders of the Faith,Defenders of the Faith,,3
218,Dominion Eugenia,Astra Militarum,Loyal,"While this unit has faith, it gains Armorbane.
Reaction: After another Astra Militarum Ecclesiarchy unit you control at this planet is declared as an attacker, place 1 faith on this unit and the attacker.",Soldier. Officer. Ecclesiarchy.,Army,Dominion_Eugenia,4,3,3,4,0,Defenders of the Faith,Defenders of the Faith,Unique.,3
219,Eloquent Confessor,Astra Militarum,Common,"While this unit has faith, it gets +1 ATK.
Combat Reaction: After a non-warlord unit moves or enters play at this planet, pay 1 faith to exhaust it.",Priest. Ecclesiarchy.,Army,Eloquent_Confessor,2,1,2,2,0,Defenders of the Faith,Defenders of the Faith,,3
220,Evangelizing Ships,Astra Militarum,Loyal,Combat Action: Pay 1 faith to put a Guardsman token into play at a non-green planet. Then your opponent moves this unit to a planet of his choice. (Limit once per phase.),Transport. Ecclesiarchy.,Army,Evangelizing_Ships,2,1,1,3,0,Defenders of the Faith,Defenders of the Faith,,3
221,Exalted Celestians,Astra Militarum,Common,"While this unit has faith and is not a defender, it cannot be dealt damage.
Reaction: After this unit exhausts, place 1 faith on it.",Soldier. Ecclesiarchy.,Army,Exalted_Celestians,2,1,2,2,0,Defenders of the Faith,Defenders of the Faith,,3
222,Fanatical Sister Repentia,Astra Militarum,Common,"Interrupt: When this unit uses Shield with Faith, double the number of faith on it.",Soldier. Martyr. Ecclesiarchy.,Army,Fanatical_Sister_Repentia,3,1,4,2,0,Defenders of the Faith,Defenders of the Faith,,3
223,Heavy Flamer Retributor,Astra Militarum,Common,"While this unit has faith, it cannot be routed.
Reaction: After this unit resolves its attack, deal 1 damage to a number of different enemy units at this planet equal to faith on this unit.",Soldier. Ecclesiarchy.,Army,Heavy_Flamer_Retributor,3,2,3,2,0,Defenders of the Faith,Defenders of the Faith,,3
224,Holy Battery,Astra Militarum,Loyal,"No Wargear Attachments.
While at a planet with a unit with faith you control, this unit gets +1 ATK.
Reaction: After you use a shield card on this unit, place 1 faith on it.",Tank. Vostroya. Vehicle.,Army,Holy_Battery,2,1,2,2,0,Confrontation Cycle,A Mask Falls Off,No Wargear Attachments.,3
225,Hydra Flak Tank,Astra Militarum,Common,"No Wargear Attachments.
This unit deals double damage to enemy Flying or Mobile units.
Reaction: After a unit moves to or from this planet, deal it 1 damage. (Limit once per phase.)",Vehicle. Tank. Krieg.,Army,Hydra_Flak_Tank,3,1,2,3,0,Navida Prime Cycle,Enemy Territory,No Wargear Attachments.,3
226,Krieg Armoured Regiment,Astra Militarum,Loyal,"No Wargear Attachments.
Reaction: After this unit leaves play, place it at the bottom of your deck to Rally 6 a Tank, Vehicle or Krieg unit with a different name, put it into play at the same planet.",Vehicle. Tank. Elite.,Army,Krieg_Armoured_Regiment,6,2,5,6,0,Confrontation Cycle,The Laughing God,No Wargear Attachments.,3
227,Patron Saint,Astra Militarum,Loyal,"Deep Strike (3).
Reaction: After you deploy or Deep Strike this unit, remove up to 3 damage from Astra Militarum army units and Ecclesiarchy units you control. Then place faith equal to the damage removed among army units you control.
",Saint. Elite. Ecclesiarchy.,Army,Patron_Saint,5,2,4,5,0,Defenders of the Faith,Defenders of the Faith,Deep Strike.,3
228,Pattern IX Immolator,Astra Militarum,Common,"No Wargear Attachments.
Command Action: Deal X damage among enemy non-warlord units at this planet and place X faith among army units at this planet. X is the number of command struggles your opponent won this phase minus 1. (Limit once per phase.)",Vehicle. Tank. Ecclesiarchy.,Army,Pattern_IX_Immolator,3,1,3,3,0,Defenders of the Faith,Defenders of the Faith,,3
229,Penitent Engine,Astra Militarum,Loyal,"No Wargear Attachments.
Reaction: After an attack resolved by a unit you control at this planet does not destroy the defender, place 1 faith on this unit and it gets +1 ATK for its next attack this phase.",Vehicle. Martyr. Ecclesiarchy.,Army,Penitent_Engine,3,1,2,3,0,Defenders of the Faith,Defenders of the Faith,No Wargear Attachments.,3
230,Sacred Rose Immolator,Astra Militarum,Common,"No Wargear Attachments.
Reaction: After this unit resolves its attack or moves to a planet, place 1 faith on it. Then deal 1 damage to up to 2 different enemy units at this planet. (Limit twice per round.)",Vehicle. Transport. Ecclesiarchy.,Army,Sacred_Rose_Immolator,3,1,1,3,0,Defenders of the Faith,Defenders of the Faith,No Wargear Attachments.,3
231,Saint Erika,Astra Militarum,Loyal,"If you don't control faith, destroy this unit.
Forced Reaction: After a non-Elysia, non-Saint Astra Militarum army unit enters your discard pile from this planet, pay 1 faith to return that unit to your hand.",Saint. Martyr. Ecclesiarchy.,Army,Saint_Erika,3,1,5,5,0,Defenders of the Faith,Defenders of the Faith,Unique.,3
232,Siege Regiment Manticore,Astra Militarum,Common,"No Wargear Attachments.
Reaction: After the ranged skirmish at an adjacent planet ends, exhaust this unit to deal 3 damage to an enemy non-warlord unit at that planet.",Vehicle. Artillery. Krieg.,Army,Siege_Regiment_Manticore,4,1,3,4,0,Navida Prime Cycle,Promise of War,No Wargear Attachments.,3
233,Tenacious Novice Squad,Astra Militarum,Common,"While this unit has faith, it gets +1 ATK and +1 HP.
Reaction: After a warlord commits to this planet, place 1 faith on an army unit at this planet.",Soldier. Ecclesiarchy.,Army,Tenacious_Novice_Squad,1,1,1,1,0,Defenders of the Faith,Defenders of the Faith,,3
234,Undying Saint,Astra Militarum,Loyal,"Lumbering.
Cannot be damaged by Area Effect.
Reaction: After the deploy phase begins, if this unit is in your discard pile, put it into play at a target non-first planet (ignore this restriction if your opponent has the initiative).",Martyr. Ecclesiarchy.,Army,Undying_Saint,1,1,2,1,0,Chronicles of Heroes,Chronicles of Heroes,Lumbering.,3
235,Vengeful Seraphim,Astra Militarum,Common,"While this unit has faith, it gains Flying.
Reaction: After an Ecclesiarchy unit you control at this planet is destroyed, this unit gets +1 ATK and +1 HP until the end of the phase. Then you may pay 1 faith to ready this unit. (Limit once per phase.)",Soldier. Ecclesiarchy.,Army,Vengeful_Seraphim,3,1,3,2,0,Defenders of the Faith,Defenders of the Faith,,3
236,Zealous Cantus,Astra Militarum,Common,"Reaction: After an Ecclesiarchy or Grey Knights card enters your discard pile, place 1 faith on an army unit. (Limit twice per faith.)",Soldier. Ecclesiarchy.,Army,Zealous_Cantus,3,1,3,3,0,Defenders of the Faith,Defenders of the Faith,,3
237,Banner of the Sacred Rose,Astra Militarum,Loyal,"Limited.
Attach to a unit you control.
Interrupt: When you deploy an Ecclesiarchy unit, exhaust this attachment to reduce the cost by 1 plus the number of green planets in your opponent's victory display.",Standard. Ecclesiarchy.,Attachment,Banner_of_the_Sacred_Rose,1,-1,-1,-1,2,Defenders of the Faith,Defenders of the Faith,Limited.Unique.,3
238,Blade of the Crimson Oath,Astra Militarum,Loyal,"Attach to a non-warlord unit.
Attached unit gets +2 ATK and +2 HP.
Interrupt: When your opponent triggers an ability that discards a card from your hand, put 2 Guardsman tokens into play at a planet to put this card from your hand into play attached to a unit.",Relic. Wargear. Weapon.,Attachment,Blade_of_the_Crimson_Oath,1,-1,-1,-1,2,Defenders of the Faith,Defenders of the Faith,Unique.,3
239,Departmento Munitorum Aid,Astra Militarum,Loyal,"Attach to a Vehicle army unit.
Attached unit gets +1 HP.
Action: Exhaust this attachment and remove 1 damage from attached unit to retreat it.",Maintenance.,Attachment,Departmento_Munitorum_Aid,0,-1,-1,-1,2,Confrontation Cycle,The Laughing God,,3
240,Revered Heavy Flamer,Astra Militarum,Common,"Deep Strike (0).
Attach to an army unit.
Attached unit gets +2 ATK.
Reaction: After your opponent uses a shield card on a unit at this planet, place 1 faith on an army unit at this planet.",Wargear. Weapon. Ecclesiarchy.,Attachment,Revered_Heavy_Flamer,1,-1,-1,-1,1,Defenders of the Faith,Defenders of the Faith,Deep Strike.,3
241,Sanctified Bolter,Astra Militarum,Loyal,"Attach to an army unit you control.
Attached unit gets +1 ATK and +1 HP.
Reaction: After a ranged skirmish at this planet begins, or an enemy non-warlord unit moves from another planet to this planet, place 2 faith among army units at this planet.",Wargear. Weapon.,Attachment,Sanctified_Bolter,1,-1,-1,-1,1,Defenders of the Faith,Defenders of the Faith,,3
242,Seal of the Ebon Chalice,Astra Militarum,Loyal,"Attach to an army unit. Attached unit gets +1 HP.
Interrupt: When attached unit takes damage from a unit with a higher printed cost, deal to that unit damage equal to the difference between the units' printed costs.",Award. Ecclesiarchy.,Attachment,Seal_of_the_Ebon_Chalice,1,-1,-1,-1,2,Navida Prime Cycle,Overrun,,3
243,Until Justice is Done,Astra Militarum,Common,"Attach to an enemy army unit.
Increase damage dealt to attached unit by 1.
Reaction: After an Ecclesiarchy unit you control is assigned damage by an attack, put this card from your hand into play attached to the attacker.
",Vow. Ecclesiarchy.,Attachment,Until_Justice_is_Done,2,-1,-1,-1,1,Defenders of the Faith,Defenders of the Faith,,3
244,Our Last Stand,Astra Militarum,Loyal,"Action: Place 1 faith on each Astra Militarum unit you control at the first planet. If that planet shares a common type with two planets in your opponent's victory display your warlord gains: Interrupt:"" When this unit is assigned damage, reduce that damage by 1 (min 1)."" until the end of the battle. Max 1 per round.",Prayer. Ecclesiarchy.,Event,Our_Last_Stand,0,-1,-1,-1,2,Defenders of the Faith,Defenders of the Faith,,3
245,Wrathful Retribution,Astra Militarum,Loyal,"Reaction: After an enemy unit moves to, or enters play at, a planet where a battle is taking place, place faith equal to its printed cost among army units you control. Then ready a non-Elite unit with faith.",Prayer. Ecclesiarchy.,Event,Wrathful_Retribution,1,-1,-1,-1,2,Defenders of the Faith,Defenders of the Faith,,3
246,Holy Crusade,Astra Militarum,Loyal,"Each other non-signature card in your deck must be Ecclesiarchy.
Action: Exhaust this support to place 2 faith among units you control.",Pledge.,Support,Holy_Crusade,1,-1,-1,-1,0,Bloodied Path Cycle,For the Enclaves,Preparation.,1
247,Munitorum Support,Astra Militarum,Common,"Once per round you may deploy a card on this support as if it were in your hand.
Reaction: After you deploy this support, place a M35 Galaxy Lasgun, a Hot-Shot Laspistol, a Bodyguard, a Seal of the Ebon Chalice, and a Defense Battery on this card.",Pledge.,Support,Munitorum_Support,1,-1,-1,-1,0,Bloodied Path Cycle,For the Enclaves,Preparation.,1
248,Senatorum Directives,Astra Militarum,Loyal,"Reaction: After a Catachan unit you control is assigned damage, put a Guardsman token into play at the same planet. You may then reassign one of that damage to it. (Limit once per battle.)",Pledge.,Support,Senatorum_Directives,1,-1,-1,-1,0,Bloodied Path Cycle,For the Enclaves,Preparation.,1
249,Agra's Preachings,Astra Militarum,Common,"Limited.
Reaction: After your opponent wins a battle, exhaust this support and target a planet with an enemy unit to rally 6 a non-Elite Astra Militarum unit, attach it to that planet. When the combat phase ends, deploy that unit at that planet and reduce its cost by 2. If you can't, discard it.",Decree. Ecclesiarchy.,Support,Agra's_Preachings,1,-1,-1,-1,0,Defenders of the Faith,Defenders of the Faith,Limited.Unique.,3
250,Blood of Martyrs,Astra Militarum,Loyal,"Interrupt: When an Astra Militarum unit you control is destroyed, exhaust this support and target up to 3 army units at the same planet. Move any faith on that unit to the targeted units and they get +1 ATK for their next attack this phase. Then if the destroyed card is a Martyr, draw 1 card.",Decree. Ecclesiarchy.,Support,Blood_of_Martyrs,1,-1,-1,-1,0,Defenders of the Faith,Defenders of the Faith,,3
251,Cardinal Agra Decree,Astra Militarum,Loyal,"While you control faith, each Vostroya unit you control gets +1 ATK.
Interrupt: When this card enters your discard pile, draw a card and place 1 faith on an army unit.",Decree. Ecclesiarchy.,Support,Cardinal_Agra_Decree,0,-1,-1,-1,0,Defenders of the Faith,Defenders of the Faith,Unique.,3
252,Convent Prioris Advisor,Astra Militarum,Loyal,"Reaction: After a Vostroya unit moves to a planet, place 1 faith on it. Then you may sacrifice this support to place 1 faith on that unit and Rally 6 a support, add it to your hand.",Advisor. Ecclesiarchy.,Support,Convent_Prioris_Advisor,0,-1,-1,-1,0,Confrontation Cycle,By Imperial Decree,Unique.,3
253,Embarked Squads,Astra Militarum,Loyal,"Command Action: Exhaust this support to have a target, non-Upgrade, Vehicle unit you control gain the Upgrade and Transport traits and ""Interrupt: When this unit retreats, put 2 Guardsman tokens into play at the same planet. (Limit once per phase.)"" until the end of the round.",Location.,Support,Embarked_Squads,0,-1,-1,-1,0,Navida Prime Cycle,Overrun,,3
254,Holy Chapel,Astra Militarum,Common,Action: Exhaust and Sacrifice this support to put 4 faith among Astra Militarum or Space Marines army units.,Location. Ecclesiarchy.,Support,Holy_Chapel,1,-1,-1,-1,0,Defenders of the Faith,Defenders of the Faith,,3
255,Canoness Vardina,Astra Militarum,Signature,"Action: Place 2 faith among army units you control. If your warlord is at a planet with an enemy warlord, place 3 instead. (Limit once per round)",Officer. Ecclesiarchy.,Warlord,Canoness_Vardina,-1,-1,2,6,0,Defenders of the Faith,Defenders of the Faith,Unique.,1
256,Faith Denies Death,Astra Militarum,Signature,"Reaction: After an army unit with faith is assigned damage, pay 1 faith to prevent up to 5 of that damage.",Prayer. Ecclesiarchy.,Event,Faith_Denies_Death,0,-1,-1,-1,1,Defenders of the Faith,Defenders of the Faith,,2
257,Sororitas Command Squad,Astra Militarum,Signature,"Reaction: After you prevent damage assigned to this unit by a non-warlord unit, deal damage equal to the prevented damage to that enemy unit. (Limit once per phase.)",Soldier. Ecclesiarchy.,Army,Sororitas_Command_Squad,3,1,3,3,0,Defenders of the Faith,Defenders of the Faith,,4
258,Supreme Appearance,Astra Militarum,Signature,Action: Exhaust and sacrifice this support to exhaust each non-warlord unit. Use this ability only if you control no Ranged units.,Miracle.,Support,Supreme_Appearance,1,-1,-1,-1,0,Defenders of the Faith,Defenders of the Faith,,1
259,Transcendent Blessing,Astra Militarum,Signature,"Attach to a non-warlord unit.
Attached unit gets +1 ATK and +1 HP.
Interrupt: When attached unit leaves play, pay 1 faith to attach this card to an eligible unit.",Blessing.,Attachment,Transcendent_Blessing,0,-1,-1,-1,3,Defenders of the Faith,Defenders of the Faith,,1
260,Saint Celestine,Astra Militarum,Signature,"Combat Action: Pay faith equal to the printed cost of a non-Elite unit in your hand to put it into play at this planet. If that unit is still in play at the end of the phase, discard it and draw a card. (Limit once per phase.)",Saint. Ecclesiarchy.,Warlord,Saint_Celestine,-1,-1,2,7,0,Defenders of the Faith,Defenders of the Faith,Unique.,1
261,Armour of Saint Katherine,Astra Militarum,Signature,"Attach to your warlord.
Reduce all damage dealt to attached unit to 3.
Reaction: After attached unit takes damage, place 1 faith on it.",Wargear. Armor.,Attachment,Armour_of_Saint_Katherine,0,-1,-1,-1,3,Defenders of the Faith,Defenders of the Faith,Unique.,1
262,Heralding Cherubim,Astra Militarum,Signature,"Reaction: After your warlord commits to a planet, place 1 faith on this unit. Then you may move this unit to a planet adjacent to your warlord.",Herald. Ecclesiarchy.,Army,Heralding_Cherubim,2,1,2,2,0,Defenders of the Faith,Defenders of the Faith,,4
263,Miraculous Intervention,Astra Militarum,Signature,"Reaction: After a combat round begins at a planet, commit your warlord to that planet and place 2 faith on it. Then you may pay 1 RESOURCE to put Guardsman tokens into play at that planet until you control at least as many units as your opponent at that planet.",Prayer. Ecclesiarchy.,Event,Miraculous_Intervention,1,-1,-1,-1,1,Defenders of the Faith,Defenders of the Faith,,2
264,Order of the Crimson Oath,Astra Militarum,Signature,"While at the first planet, your warlord gets +2 HP.
Reaction: After your opponent wins a battle, Rally 6 a unit, add it to your hand. Then place 2 faith among army units you control.",Location. Ecclesiarchy.,Support,Order_of_the_Crimson_Oath,0,-1,-1,-1,0,Defenders of the Faith,Defenders of the Faith,,1
265,Nazdreg,Orks,Signature,Each other unit you control at this planet gains Brutal. ,Warrior. Warboss.,Warlord,Nazdreg,-1,-1,2,7,0,Core Set,Core Set,Unique.,1
266,Nazdreg's Flash Gitz,Orks,Signature,Combat Action: Deal this unit 1 damage to ready it. (Limit once per phase.),Nob. Warrior.,Army,Nazdreg's_Flash_Gitz,3,1,2,4,0,Core Set,Core Set,,4
267,Kraktoof Hall,Orks,Signature,Combat Action: Exhaust this support to move 1 damage from a target unit you control to another target unit at the same planet.,Location.,Support,Kraktoof_Hall,2,-1,-1,-1,0,Core Set,Core Set,,1
268,Bigga Is Betta,Orks,Signature,"Interrupt: When you deploy an Orks unit, reduce its cost by 2. Deal 1 damage to that unit after it enters play.",Tactic.,Event,Bigga_Is_Betta,0,-1,-1,-1,1,Core Set,Core Set,,2
269,Cybork Body,Orks,Signature,"Attach to an army unit.
Double attached unit's HP.",Wargear. Bionics.,Attachment,Cybork_Body,1,-1,-1,-1,3,Core Set,Core Set,,1
270,Sniveling Grot,Orks,Common,,Runt. Ally.,Army,Sniveling_Grot,0,0,1,1,0,Core Set,Core Set,,3
271,Goff Nob,Orks,Loyal,,Warrior. Nob. Elite.,Army,Goff_Nob,5,0,6,6,0,Core Set,Core Set,,3
272,Weirdboy Maniak,Orks,Loyal,"Reaction: After this unit enters play, deal 1 damage to each other unit at this planet.",Oddboy. Psyker.,Army,Weirdboy_Maniak,3,1,2,4,0,Core Set,Core Set,,3
273,Tankbusta Bommaz,Orks,Common,This unit deals double damage to enemy Vehicle units.,Warrior. Boyz.,Army,Tankbusta_Bommaz,4,2,3,4,0,Core Set,Core Set,,3
274,Rugged Killa Kans,Orks,Loyal,"No Wargear Attachments.
Brutal.",Vehicle. Walker.,Army,Rugged_Killa_Kans,4,2,2,5,0,Core Set,Core Set,Brutal.No Wargear Attachments.,3
275,Enraged Ork,Orks,Loyal,Brutal.,Warrior. Boyz.,Army,Enraged_Ork,2,1,0,5,0,Core Set,Core Set,Brutal.,3
276,Crushface,Orks,Loyal,"Interrupt: When you deploy another Orks unit at this planet, reduce its cost by 1.",Warrior. Nob.,Army,Crushface,3,2,2,3,0,Core Set,Core Set,Unique.,3
277,Bad Dok,Orks,Common,This unit gains 3 command icons while it is damaged.,Oddboy. Nob.,Army,Bad_Dok,2,1,1,4,0,Core Set,Core Set,,3
278,Rokkitboy,Orks,Common,Each enemy unit at this planet loses the Flying keyword.,Warrior. Boyz.,Army,Rokkitboy,2,1,2,2,0,Core Set,Core Set,,3
279,Goff Boyz,Orks,Common,This unit gets +3 ATK while it is at the first planet.,Warrior. Boyz. Ally.,Army,Goff_Boyz,1,0,0,2,0,Core Set,Core Set,,3
280,Shoota Mob,Orks,Common,,Warrior. Boyz.,Army,Shoota_Mob,1,1,2,1,0,Core Set,Core Set,,3
281,Burna Boyz,Orks,Common,"Reaction: After this unit declares an attack against an enemy unit, deal 1 damage to a different enemy unit at the same planet.",Warrior. Boyz.,Army,Burna_Boyz,4,1,5,3,0,Core Set,Core Set,,3
282,Battle Cry,Orks,Loyal,"Play only during a battle.
Combat Action: Each unit you control gets +2 ATK until the end of the battle.",Power.,Event,Battle_Cry,3,-1,-1,-1,2,Core Set,Core Set,,3
283,Snotling Attack,Orks,Common,Deploy Action: Put 4 Snotlings tokens into play divided among any number of planets.,Tactic.,Event,Snotling_Attack,2,-1,-1,-1,1,Core Set,Core Set,,3
284,Squig Bombin',Orks,Common,Action: Destroy a target support card.,Tactic.,Event,Squig_Bombin',2,-1,-1,-1,1,Core Set,Core Set,,3
285,Rokkit Launcha,Orks,Common,Attach to an army unit.Attached unit gains Ranged.,Wargear. Weapon.,Attachment,Rokkit_Launcha,1,-1,-1,-1,1,Core Set,Core Set,,3
286,Ork Kannon,Orks,Common,Combat Action: Exhaust this support to target a planet. Each player deals 1 indirect damage among the units he controls at that planet.,Artillery. Weapon.,Support,Ork_Kannon,1,-1,-1,-1,0,Core Set,Core Set,,3
287,Bigtoof Banna,Orks,Common,"Limited.
Interrupt: When you deploy an Orks unit, exhaust this support to reduce that unit's cost by 1.",Upgrade.,Support,Bigtoof_Banna,1,-1,-1,-1,0,Core Set,Core Set,Limited.Unique.,3
288,Tellyporta Pad,Orks,Common,Combat Action: Exhaust this support to move an Orks unit you control to the first planet.,Location.,Support,Tellyporta_Pad,2,-1,-1,-1,0,Core Set,Core Set,,3
289,Boss Zugnog,Orks,Loyal,Combat Action: Target up to 2 Orks army units you control at this planet. Deal 1 damage to each targeted unit to move them to the first planet. (Limit once per phase.),Warrior. Nob.,Army,Boss_Zugnog,4,1,4,4,0,The Great Devourer,The Great Devourer,Unique.,3
290,Ork Landa,Orks,Common,"Combat Action: Exhaust this support to discard the top card of your deck. If it is an Orks card with an odd printed cost, your opponent deals X indirect damage among units he controls. X is the printed cost of the discarded card.",Upgrade.,Support,Ork_Landa,2,-1,-1,-1,0,The Great Devourer,The Great Devourer,Unique.,3
291,Goff Brawlers,Orks,Common,"While you control a non-Orks warlord, this unit gains 1 command icon.
Reaction: After this unit readies, each player deals 1 indirect damage among units he controls at this planet.",Warrior. Boyz.,Army,Goff_Brawlers,2,0,2,3,0,Legions of Death,Legions of Death,,3
292,Deathskull Lootas,Orks,Common,"Reaction: After this unit damages an enemy unit by an attack, destroy a target enemy support card.",Warrior.,Army,Deathskull_Lootas,4,2,2,3,0,Warlord Cycle,The Howl of Blackmane,,3
293,Smash 'n Bash,Orks,Common,Combat Action: Deal 1 damage to each unit you control at a target planet without an enemy warlord to ready up to 3 units you control at that planet.,Tactic.,Event,Smash_'n_Bash,2,-1,-1,-1,1,Warlord Cycle,The Howl of Blackmane,,3
294,Attack Squig Herd,Orks,Common,No Wargear Attachments.,Creature. Squig.,Army,Attack_Squig_Herd,4,0,4,6,0,Warlord Cycle,The Scourge,No Wargear Attachments.,3
295,Dakka Dakka Dakka!,Orks,Loyal,Deploy Action: Exhaust your warlord to deal 1 damage to each unit.,Tactic. Maneuver.,Event,Dakka_Dakka_Dakka!,2,-1,-1,-1,2,Warlord Cycle,The Scourge,,3
296,Kustom Field Generator,Orks,Common,"Reaction: After an Orks unit you control is assigned damage by an attack, exhaust this support to prevent all of that damage. Then, deal an amount of indirect damage equal to the damage prevented among Orks units you control at the same planet as the defender.",Upgrade.,Support,Kustom_Field_Generator,2,-1,-1,-1,0,Warlord Cycle,The Scourge,,3
297,Mekaniak Repair Krew,Orks,Loyal,Action: Exhaust this unit to ready a target Orks support card you control. Then deal 1 damage to this unit.,Oddboy.,Army,Mekaniak_Repair_Krew,3,1,2,3,0,Warlord Cycle,Gift of the Ethereals,,3
298,Goff Big Choppa,Orks,Common,"Attach to an army unit.
Attached unit gets +2 ATK and gains Armorbane.",Wargear. Weapon.,Attachment,Goff_Big_Choppa,2,-1,-1,-1,1,Warlord Cycle,Gift of the Ethereals,,3
299,Ammo Depot,Orks,Common,Action: Exhaust this support to draw 1 card if you have 3 or fewer cards in your hand.,Location.,Support,Ammo_Depot,1,-1,-1,-1,0,Warlord Cycle,Gift of the Ethereals,,3
300,Old Zogwort,Orks,Signature,"Reaction: After this warlord commits to a planet or is declared as an attacker, put a Snotlings token into play at this planet.",Psyker. Oddboy.,Warlord,Old_Zogwort,-1,-1,1,7,0,Warlord Cycle,Zogwort's Curse,Unique.,1
301,Zogwort's Runtherders,Orks,Signature,"Interrupt: When this unit takes damage, put a Snotlings token into play at this planet.",Oddboy.,Army,Zogwort's_Runtherders,3,1,1,3,0,Warlord Cycle,Zogwort's Curse,,4
302,Zogwort's Hovel,Orks,Signature,"Reaction: After your warlord is declared as a defender, put a Snotlings token into play at the same planet as your warlord.",Location.,Support,Zogwort's_Hovel,2,-1,-1,-1,0,Warlord Cycle,Zogwort's Curse,,1
303,Wyrdboy Stikk,Orks,Signature,"Attach to an Oddboy unit.
Reaction: After a Snotlings token is destroyed, exhaust this attachment to put a Snotlings token into play at a planet.",Wargear. Weapon.,Attachment,Wyrdboy_Stikk,0,-1,-1,-1,3,Warlord Cycle,Zogwort's Curse,,1
304,Launch da Snots,Orks,Signature,"Reaction: After an Orks unit you control is declared as an attacker, it gets +X ATK for that attack. X is the number of Snotlings tokens at the same planet as the attacking unit.",Tactic.,Event,Launch_da_Snots,1,-1,-1,-1,1,Warlord Cycle,Zogwort's Curse,,2
305,Snakebite Thug,Orks,Common,"Forced Reaction: After this unit resolves its attack, deal 1 damage to it.",Warrior. Boyz.,Army,Snakebite_Thug,2,1,3,4,0,Warlord Cycle,The Threat Beyond,,3
306,Evil Sunz Warbiker,Orks,Common,This unit gets +2 ATK while it is at a planet with a warlord.,Warrior. Boyz.,Army,Evil_Sunz_Warbiker,2,1,2,2,0,Warlord Cycle,The Threat Beyond,,3
307,Mork's Great Heap,Orks,Loyal,Each non-token Orks unit you control gets +1 HP.,Upgrade.,Support,Mork's_Great_Heap,3,-1,-1,-1,0,Warlord Cycle,The Threat Beyond,Unique.,3
308,Big Shoota Battlewagon,Orks,Common,"No Wargear Attachments.
Interrupt: When this unit is destroyed, put 4 Snotlings tokens into play at this planet.",Vehicle. Elite.,Army,Big_Shoota_Battlewagon,6,1,4,4,0,Warlord Cycle,Descendants of Isha,No Wargear Attachments.,3
309,Made Ta Fight,Orks,Common,"Interrupt: When an army unit you control leaves play from a planet with your warlord, deal damage equal to that army unit's printed ATK value to a target non-warlord unit at the same planet.",Power.,Event,Made_Ta_Fight,2,-1,-1,-1,1,Warlord Cycle,Descendants of Isha,,3
310,Squiggify,Orks,Loyal,"Combat Action: Target a non-Vehicle army unit. Until the end of the phase, set that unit's ATK value to 1, its printed text box is treated as blank (except for Traits), and it gains the Squig trait.",Power.,Event,Squiggify,3,-1,-1,-1,2,Warlord Cycle,Descendants of Isha,,3
311,Rickety Warbuggy,Orks,Loyal,"No Wargear Attachments.
GOES FASTA! - While your opponent has the initiative, this unit cannot be dealt damage by units while you control an army unit at this planet not named “Rickety Warbuggy”.",Vehicle.,Army,Rickety_Warbuggy,1,0,3,1,0,Planetfall Cycle,Decree of Ruin,No Wargear Attachments.Goes Fasta.,3
312,Lucky Warpaint,Orks,Common,"Attach to an Orks unit.
Attached unit gains the Blue trait.
Attached unit gains Immune to enemy events.",Upgrade.,Attachment,Lucky_Warpaint,1,-1,-1,-1,1,Planetfall Cycle,Decree of Ruin,,3
313,Front Line 'Ard Boyz,Orks,Common,"This unit must be declared as a defender, if able.",Warrior. Boyz.,Army,Front_Line_'Ard_Boyz,4,2,2,5,0,Planetfall Cycle,Boundless Hate,,3
314,Ramshackle Trukk,Orks,Loyal,"No Wargear Attachments.
GOES FASTA! - While your opponent has the initiative, this unit gets +4 HP.",Vehicle. Elite.,Army,Ramshackle_Trukk,5,2,7,3,0,Planetfall Cycle,Boundless Hate,No Wargear Attachments.Goes Fasta.,3
315,Rok Bombardment,Orks,Orks,"Combat Action: Target a planet where a battle is taking place. Until the end of the battle, after each unit at the targeted planet resolves an attack, deal 1 damage to it. If the targeted planet is a Material planet (red), this effect only deals damage to enemy units instead.",Tactic.,Event,Rok_Bombardment,2,-1,-1,-1,2,Planetfall Cycle,Boundless Hate,,3
316,Gorzod,Orks,Signature,"You may include common Vehicle units from both the Astra Militarum and Space Marines factions, but cannot include other cards from a non-Orks faction.",Oddboy. Warboss.,Warlord,Gorzod,-1,-1,2,7,0,Planetfall Cycle,Deadly Salvage,Unique.,1
317,Gorzod's Wagons,Orks,Signature,"No Wargear Attachments.
GOES FASTA! - While your opponent has the initiative, this unit gets +2 ATK.",Vehicle.,Army,Gorzod's_Wagons,2,1,1,3,0,Planetfall Cycle,Deadly Salvage,Goes Fasta.,4
318,Kustomisation Station,Orks,Signature,"Each Vehicle unit you control loses all faction affiliations and gains the Orks faction affiliation.
Orks Vehicle units you control get +1 ATK and +1 HP.",Location.,Support,Kustomisation_Station,3,-1,-1,-1,0,Planetfall Cycle,Deadly Salvage,,1
319,Hostile Acquisition,Orks,Signature,"Reaction: After your warlord damages a Vehicle army unit by an attack, gain control of that unit.",Tactic.,Event,Hostile_Acquisition,1,-1,-1,-1,1,Planetfall Cycle,Deadly Salvage,,2
320,The Bloodrunna,Orks,Signature,"Attach to your warlord.
Attached unit gets +2 HP and gains “Reaction: After a Vehicle unit is destroyed at this planet, ready this unit. (Limit once per phase.)”",Vehicle.,Attachment,The_Bloodrunna,1,-1,-1,-1,3,Planetfall Cycle,Deadly Salvage,Unique.,1
321,Skrap Nabba,Orks,Common,"While this unit is at a Material planet (red), it gains: +2 resources when command struggle won at this planet.",Oddboy. Ally.,Army,Skrap_Nabba,2,1,1,2,0,Planetfall Cycle,What Lurks Below,,3
322,Outflank'em,Orks,Common,"Reaction: After your combat turn ends, take a combat turn.",Tactic.,Event,Outflank'em,1,-1,-1,-1,1,Planetfall Cycle,What Lurks Below,,3
323,Smasha Gun Battery,Orks,Common,Deploy Action: Exhaust this support to have each player deal an amount of damage equal to the number of cards in his hand among units he controls.,Weapon. Artillery.,Support,Smasha_Gun_Battery,3,-1,-1,-1,0,Planetfall Cycle,What Lurks Below,,3
324,Salvaged Battlewagon,Orks,Common,"No Wargear Attachments.
Reaction: After this unit destroys an enemy unit by an attack, put an Orks unit with printed cost 3 or lower into play from your hand at an adjacent planet.",Vehicle. Elite.,Army,Salvaged_Battlewagon,7,2,5,6,0,Planetfall Cycle,Wrath of the Crusaders,No Wargear Attachments.,3
325,Huge Chain-Choppa,Orks,Common,"Attach to a non-warlord unit.
Attached unit gets +4 ATK.
Attached unit cannot ready between combat rounds during the combat phase.",Wargear. Weapon.,Attachment,Huge_Chain-Choppa,1,-1,-1,-1,1,Planetfall Cycle,Wrath of the Crusaders,,3
326,Corpulent Ork,Orks,Common,"While a battle is being resolved at a planet where you are the only player to control a unit named “Corpulent Ork”, your opponent is considered to have the initiative for the purposes of card abilities. (Initiative for determining combat turn order does not change.)",Warrior.,Army,Corpulent_Ork,3,2,1,5,0,Planetfall Cycle,The Final Gambit,,3
327,Painboy Tent,Orks,Loyal,Each damaged Orks army unit you control gains 1 command icon.,Location.,Support,Painboy_Tent,2,-1,-1,-1,0,Planetfall Cycle,The Final Gambit,Unique.,3
328,Blitza-Bommer,Orks,Loyal,"No Wargear Attachments.
While this unit is ready it gains Flying.
Reaction: After this unit readies, have your opponent deal 3 indirect damage among units they control at this planet.",Vehicle. Elite.,Army,Blitza-Bommer,5,2,3,5,0,Death World Cycle,Jungles of Nectavus,No Wargear Attachments.,3
329,Kommando Sneakaz,Orks,Common,"Ambush.
Reaction: After you deploy this unit, ready a target Orks unit you control at this planet and deal it 1 damage.",Soldier.,Army,Kommando_Sneakaz,3,0,2,3,0,Death World Cycle,Jungles of Nectavus,Ambush.,3
330,Gorgul da Slaya,Orks,Loyal,"Interrupt: When a unit you control at this planet is declared as an attacker, your opponent cannot trigger effects until after that attack resolves.",Soldier. Nob.,Army,Gorgul_da_Slaya,4,0,4,5,0,Death World Cycle,Unforgiven,Unique.,3
331,Great Iron Gob,Orks,Loyal,"Attach to an Orks army unit you control.
Attached unit gains the Nob trait.
Each army unit you control at this planet gains a command icon.",Wargear.,Attachment,Great_Iron_Gob,2,-1,-1,-1,2,Death World Cycle,Unforgiven,,3
332,Squiggoth Brute,Orks,Common,"Brutal, No Attachments.
Reaction: After the combat phase begins, each enemy army unit at this planet loses all keywords until the end of the phase.",Creature. Elite.,Army,Squiggoth_Brute,6,0,5,9,0,Death World Cycle,Slash and Burn,Brutal.No Attachments.,3
333,Brutal Cunning,Orks,Common,Combat Action: Move up to 2 damage from a target Orks unit you control to a target non-Elite army unit at the same planet,Tactic.,Event,Brutal_Cunning,2,-1,-1,-1,1,Death World Cycle,Slash and Burn,,3
334,Blood Axe Strategist,Orks,Common,"Reaction: After an Orks unit you control at this planet resolves an attack, move it to an adjacent planet or your HQ.",Soldier.,Army,Blood_Axe_Strategist,3,2,2,4,0,Death World Cycle,Searching for Truth,,3
335,idden Base,Orks,Common,"Each card you control in reserve is treated as a 2 ATK, 2 HP Orks army unit during the combat phase.",Location.,Support,idden_Base,1,-1,-1,-1,0,Death World Cycle,Searching for Truth,,3
336,Sootblade Assashun,Orks,Common,"Deep Strike (2).
After you Deep Strike this unit, have your opponent deal 2 indirect damage among exhausted units he controls at this planet.",Soldier.,Army,Sootblade_Assashun,4,1,3,3,0,Death World Cycle,Against the Great Enemy,Deep Strike.,3
337,Repulsor Minefield,Orks,Common,"Deep Strike (1).
Attach to a planet.
Forced Reaction: After an enemy army unit is declared as an attacker at this planet, deal it 1 damage.",Upgrade.,Attachment,Repulsor_Minefield,2,-1,-1,-1,1,Death World Cycle,Against the Great Enemy,Deep Strike.,3
338,Follower of Gork,Orks,Common,"Each Elite unit you control at this planet gains, “Interrupt: When this unit is assigned damage, reduce that damage by 2.”",Warrior.,Army,Follower_of_Gork,2,1,1,3,0,Death World Cycle,The Warp Unleashed,,3
339,Fungal Turf,Orks,Loyal,Headquarters Action: Sacrifice this support to put X Snotling tokens into play divided among any number of planets. X is the highest printed cost among units you control.,Location.,Support,Fungal_Turf,2,-1,-1,-1,0,Death World Cycle,The Warp Unleashed,,3
340,Fairly 'Quipped Kommando,Orks,Loyal,"Deep Strike (0).
This unit gets +1 HP per attachment on it.
Interrupt: When an attachment you control leaves play from this planet, return it to your hand instead.",Soldier.,Army,Fairly_'Quipped_Kommando,2,1,2,2,0,Confrontation Cycle,The Laughing God,Deep Strike.,3
341,Herald of the WAAGH!,Orks,Loyal,"Deploy Reaction: After this unit enters play, resolve a battle at this planet. (Only actions of the deploy phase are allowed and the planet cannot be captured.)",Warrior. Nob.,Army,Herald_of_the_WAAGH!,4,1,2,3,0,Chronicles of Heroes,Chronicles of Heroes,,3
342,Improbable Runt Machine,Orks,Loyal,"Flying.
This unit gets +1 ATK, +1 HP and 1 command icon per attachment on it (Max 3).
Action: Attach a Runt unit you control to this unit as a Copilot attachment. (Limit once per round.)",Machine. Marvel.,Army,Improbable_Runt_Machine,2,1,1,1,0,Defenders of the Faith,Defenders of the Faith,Flying.,3
343,Impulsive Loota,Orks,Common,"Deep Strike (1).
Reaction: After an attachment card is discarded, Deep Strike this unit to deploy that attachment from your discard pile attached to this unit.",Soldier.,Army,Impulsive_Loota,1,1,1,3,0,Confrontation Cycle,A Mask Falls Off,Deep Strike.,3
344,Junk Chucka Kommando,Orks,Common,"Reduce the cost of attachments you attach to this unit by 1.
Reaction: After this unit resolves an attack, move an attachment from this unit to a target eligible unit at this planet to deal 2 damage to it. (Limit once per attack.)",Soldier.,Army,Junk_Chucka_Kommando,3,1,2,3,0,Navida Prime Cycle,Breaching the Veil,,3
345,Kamouflage Expert,Orks,Common,"Deep Strike (2).
Reaction: After you Deep Strike this unit, a card in reserve at this planet or an adjacent planet is treated as a 3 ATK, 3 HP Orks army unit until the end of the phase.",Soldier.,Army,Kamouflage_Expert,3,1,3,3,0,Navida Prime Cycle,Aligned Stars,Deep Strike.,3
346,Morkanaut Rekuperator,Orks,Common,"Reaction: After this unit resolves its attack, deal 1 unpreventable damage to a unit at this planet. If that unit is destroyed by this effect, Rally 6 an attachment card, attach it to this unit.",Oddboy. Machine.,Army,Morkanaut_Rekuperator,3,1,2,4,0,Confrontation Cycle,By Imperial Decree,,3
347,Patient Infiltrator,Orks,Common,"Deep Strike (1). You may Deep Strike this card as an action during the combat phase.
Reaction: After you Deep Strike this unit, ready it and move up to 1 damage from this unit to a target unit at the same planet.",Soldier.,Army,Patient_Infiltrator,2,1,3,2,0,Navida Prime Cycle,Enemy Territory,Deep Strike.,3
348,Slave-powered Wagons,Orks,Common,"No Wargear Attachments.
Deep Strike (1).
Action: Destroy a target token unit at this planet or an adjacent planet. Then this unit gets +1 ATK and +1 HP until the end of the phase. (Limit once per round.)",Vehicle.,Army,Slave-powered_Wagons,2,1,2,3,0,Confrontation Cycle,The Laughing God,No Wargear Attachments.Deep Strike.,3
349,Kwik' Konstruckshun,Orks,Common,"Combat Action: Put an Orks support with printed cost 3 or lower into play from your hand at your HQ. If this support is still in play at the end of the phase, discard it and draw a card.",Tactic.,Event,Kwik'_Konstruckshun,0,-1,-1,-1,2,Navida Prime Cycle,Overrun,,3
350,Painboy Surjery,Orks,Loyal,"Action: Target an Orks unit you control. Reveal the top card of your deck. If it's an eligible attachment, put it into play attached to this unit, otherwise deal it 1 damage and put the card at the bottom of your deck. Repeat until you reveal an eligible attachment or the unit is destroyed. Then shuffle your deck.",Tactic.,Event,Painboy_Surjery,0,-1,-1,-1,2,Navida Prime Cycle,Breaching the Veil,,3
351,Runts to the Front,Orks,Common,"Interrupt: When an enemy unit would declare an attack against a unit you control, declare a ready Runt unit you control at the same planet as the defender instead.",Tactic. Snotling.,Event,Runts_to_the_Front,1,-1,-1,-1,1,Navida Prime Cycle,Promise of War,,3
352,Sneaky Lootin',Orks,Common,"Reaction: After an Orks Soldier unit you control damages an enemy unit by an attack, move the attacker to your HQ to gain 3 RESOURCE.",Tactic.,Event,Sneaky_Lootin',1,-1,-1,-1,1,Navida Prime Cycle,Enemy Territory,,3
353,WAAAGH! Arbuttz,Orks,Loyal,"Reaction: When you deploy an attachment, exhaust this support and deal 1 damage to attached unit to reduce its cost by 1. Then Rally 6 an attachment, add it to your hand.",Pledge.,Support,WAAAGH!_Arbuttz,1,-1,-1,-1,0,Bloodied Path Cycle,For the Enclaves,Preparation.,1
354,WAAAGH! Zanzag,Orks,Loyal,"Reaction: After your warlord commits to a planet with an enemy warlord, it gains +1 ATK until the end of a battle at that planet.",Pledge.,Support,WAAAGH!_Zanzag,1,-1,-1,-1,0,Bloodied Path Cycle,For the Enclaves,Preparation.,1
355,WAAAGH! Ungskar,Orks,Loyal,"Reaction: After you deploy this support, put a Squiggoth Brute in reserve at the last planet. Starting from the second round, if you win a battle at that planet, you may Deep Strike it for 2 RESOURCE.",Pledge.,Support,WAAAGH!_Ungskar,1,-1,-1,-1,0,Bloodied Path Cycle,For the Enclaves,Preparation.,1
356,Extra Boomsticks,Orks,Loyal,"Interrupt: When an Orks unit is assigned damage, exhaust this support to give it Retaliate (2) until the end of the phase.",Upgrade.,Support,Extra_Boomsticks,2,-1,-1,-1,0,Bloodied Path Cycle,The Shadow in the Warp,,3
357,Truck Wreck Launcha,Orks,Common,"Interrupt: When a Vehicle unit you control leaves play, exhaust this support to deal 1 damage to an enemy non-warlord unit at the same planet. If this support was already exhausted, ready it instead.",Artillery.,Support,Truck_Wreck_Launcha,1,-1,-1,-1,0,Navida Prime Cycle,Aligned Stars,,3
358,Big Mek Kagdrak,Orks,Signature,"Action: Give a non-Elite army unit a keyword, different from previous round, from among: Flying, Armorbane, Brutal, Area Effect (1), Sweep (2) or Retaliate (3), until the end of the round. (Limit once per round.)",Soldier. Big Mek.,Warlord,Big_Mek_Kagdrak,-1,-1,2,7,0,Bloodied Path Cycle,The Shadow in the Warp,Unique.,1
359,Da Workship,Orks,Signature,Deploy Action: Exhaust this support to place X Snotling tokens into play at a target planet. X equals the number of planets in your opponent's victory display.,Location.,Support,Da_Workship,1,-1,-1,-1,0,Bloodied Path Cycle,The Shadow in the Warp,,1
360,Drivin' Ambishun',Orks,Signature,"Attach to your warlord.
Action: Exhaust this attachment to have a target army unit at this planet gain +1 HP per keyword it has, until the end of the round.",Wargear.,Attachment,Drivin'_Ambishun',0,-1,-1,-1,3,Bloodied Path Cycle,The Shadow in the Warp,,1
361,Looted Skrap,Orks,Signature,"Limited.
Action: Target a planet where a battle is taking place. Until the end of the battle, each time an enemy unit is destroyed at that planet, gain 1 RESOURCE (max 3).",Tactic.,Event,Looted_Skrap,0,-1,-1,-1,1,Bloodied Path Cycle,The Shadow in the Warp,,2
362,Da 'Eavy,Orks,Signature,"Lumbering.
Combat Action: Retreat this unit.",Vehicle. Experimental.,Army,Da_'Eavy,0,1,2,3,0,Bloodied Path Cycle,The Shadow in the Warp,Lumbering.,1
363,Da Boomy,Orks,Signature,Retaliate (3).,Vehicle. Experimental.,Army,Da_Boomy,1,1,1,2,0,Bloodied Path Cycle,The Shadow in the Warp,Retaliate.,1
364,Da Sharpy,Orks,Signature,Sweep (2).,Vehicle. Experimental.,Army,Da_Sharpy,2,1,2,2,0,Bloodied Path Cycle,The Shadow in the Warp,Sweep.,1
365,Da Swoopy,Orks,Signature,"Flying.
Reaction: After a battle starts at this planet, have a Warrior Orks army unit gain flying until the end of the combat round.",Vehicle. Experimental.,Army,Da_Swoopy,2,1,2,4,0,Bloodied Path Cycle,The Shadow in the Warp,Flying.,1
366,Kaptin Bluddflagg,Orks,Signature,"The first unit each player deploys each round must be deployed in their HQ.
Action: Move a non-Elite unit from your HQ to a target non-leftmost planet and ready it. (Limit once per round.)",Soldier. Freebooter.,Warlord,Kaptin_Bluddflagg,-1,-1,2,7,0,Bloodied Path Cycle,Herald of the Plague God,Unique.,1
367,Indiscriminate Bombing,Orks,Signature,Action: Target a planet. Each player must move an army unit they control from that planet to their HQ.,Tactic.,Event,Indiscriminate_Bombing,2,-1,-1,-1,1,Bloodied Path Cycle,Herald of the Plague God,,2
368,Kaptin's Hook,Orks,Signature,"Attach to your warlord.
Reaction: After a non-Elite unit you control at an adjacent planet is declared as a defender, exhaust this attachment to cancel the attack, move that unit to this planet and exhaust it.",Wargear.,Attachment,Kaptin's_Hook,1,-1,-1,-1,3,Bloodied Path Cycle,Herald of the Plague God,,1
369,Naval Surgeon,Orks,Signature,Action: Exhaust this support to have a target army unit in your HQ gain +1 ATK and +1 HP.,Specialised Crew.,Support,Naval_Surgeon,1,-1,-1,-1,0,Bloodied Path Cycle,Herald of the Plague God,,1
370,Quartermasters,Orks,Signature,"This unit may be deployed in your HQ. If you do so, reduce its cost by 1.
Reaction: After this unit moves to a planet, remove 1 damage from it.",Krew. Soldier.,Army,Quartermasters,2,1,2,3,0,Bloodied Path Cycle,Herald of the Plague God,,4
371,Korporal Snagbrat,Orks,Signature,Action: Move a card you control in reserve to an adjacent planet without an enemy warlord. (Limit once per phase.),Soldier. Blood Axe.,Warlord,Korporal_Snagbrat,-1,-1,2,6,0,Navida Prime Cycle,Enemy Territory,Unique.,1
372,Fake Ooman Base,Orks,Signature,"Reaction: After an Orks Soldier army unit you control is chosen as a defender, exhaust this support and move that unit to your HQ to cancel the attack.",Location.,Support,Fake_Ooman_Base,1,-1,-1,-1,0,Navida Prime Cycle,Enemy Territory,,1
373,Kommando Cunning,Orks,Signature,Action: Deep Strike a card you control without paying its Deep Strike cost.,Tactic.,Event,Kommando_Cunning,0,-1,-1,-1,1,Navida Prime Cycle,Enemy Territory,,2
374,Snagbrat's Scouts,Orks,Signature,"Deep Strike (1).
Reaction: When the command phase begins, Deep Strike this unit to have it gain 2 command icons until the end of the phase.",Soldier. Blood Axe.,Army,Snagbrat's_Scouts,2,1,2,3,0,Navida Prime Cycle,Enemy Territory,Deep Strike.,4
375,Soot-Blackened Axe,Orks,Signature,"Deep Strike (0).
Attach to an Orks unit. Attached unit gets +1 ATK and +1 HP.
Action: Put this card in reserve at this planet to move up to 1 damage from attached unit to a target non-unique unit at the same planet.",Wargear. Blood Axe.,Attachment,Soot-Blackened_Axe,1,-1,-1,-1,3,Navida Prime Cycle,Enemy Territory,Deep Strike.,1
376,"Zarathur, High Sorcerer",Chaos,Signature,"Interrupt: When damage is assigned to an enemy unit at this planet, increase that damage by 1.",Psyker. Tzeentch.,Warlord,"Zarathur,_High_Sorcerer",-1,-1,1,6,0,Core Set,Core Set,Unique.,1
377,Zarathur's Flamers,Chaos,Signature,Action: Sacrifice this unit to deal 2 damage to a target non-warlord unit at the same planet.,Daemon. Tzeentch.,Army,Zarathur's_Flamers,2,1,2,2,0,Core Set,Core Set,,4
378,Shrine of Warpflame,Chaos,Signature,"Reaction: After an enemy unit is destroyed, exhaust this support to return the topmost Tzeentch card from your discard pile to your hand.",Location.,Support,Shrine_of_Warpflame,1,-1,-1,-1,0,Core Set,Core Set,,1
379,Infernal Gateway,Chaos,Signature,"Combat Action: Put a Chaos unit with printed cost 3 or lower into play from your hand at a planet. If that unit is still in play at the end of the phase, sacrifice it.",Power. Tzeentch,Event,Infernal_Gateway,1,-1,-1,-1,1,Core Set,Core Set,,2
380,Mark of Chaos,Chaos,Signature,"Attach to an army unit.
Interrupt: When attached unit leaves play, deal 1 damage to each enemy unit at this planet.",Curse.,Attachment,Mark_of_Chaos,0,-1,-1,-1,3,Core Set,Core Set,,1
381,Alpha Legion Infiltrator,Chaos,Loyal,,Alpha Legion. Scout.,Army,Alpha_Legion_Infiltrator,2,1,4,1,0,Core Set,Core Set,,3
382,Possessed,Chaos,Common,,Daemon. Elite.,Army,Possessed,5,1,9,4,0,Core Set,Core Set,,3
383,Splintered Path Acolyte,Chaos,Common,"Interrupt: When you deploy a Daemon unit, sacrifice this unit to reduce its cost by 2.",Cultist. Tzeentch,Army,Splintered_Path_Acolyte,1,1,1,1,0,Core Set,Core Set,,3
384,Khorne Berzerker,Chaos,Common,Brutal.,Khorne. Warrior. World Eaters.,Army,Khorne_Berzerker,3,1,2,4,0,Core Set,Core Set,Brutal.,3
385,Vicious Bloodletter,Chaos,Loyal,"Area Effect (3), No Wargear Attachments",Daemon. Elite. Khorne.,Army,Vicious_Bloodletter,5,0,4,4,0,Core Set,Core Set,No Wargear Attachments.Area Effect.,3
386,Umbral Preacher,Chaos,Common,Each army unit at this planet cannot retreat from battle.,Cultist. Priest.,Army,Umbral_Preacher,3,2,1,4,0,Core Set,Core Set,,3
387,Black Legion Heldrake,Chaos,Loyal,"Flying, No Wargear Attachments",Black Legion. Daemon. Elite.,Army,Black_Legion_Heldrake,8,3,8,8,0,Core Set,Core Set,No Wargear Attachments.Flying.,3
388,Ravenous Flesh Hounds,Chaos,Common,"No Attachments.
Action: Sacrifice a Cultist unit to remove all damage from this unit.",Daemon. Elite. Khorne.,Army,Ravenous_Flesh_Hounds,5,1,3,6,0,Core Set,Core Set,No Attachments.,3
389,Virulent Plague Squad,Chaos,Common,This unit gets +1 ATK for each unit in your opponent's discard pile.,Death Guard. Nurgle. Warrior.,Army,Virulent_Plague_Squad,4,1,1,4,0,Core Set,Core Set,,3
390,Chaos Fanatics,Chaos,Common,,Cultist.,Army,Chaos_Fanatics,2,2,1,2,0,Core Set,Core Set,,3
391,Soul Grinder,Chaos,Common,"No Wargear Attachments.
Reaction: After you win a command struggle at this planet, your opponent must sacrifice a non-warlord unit at the same planet, if able.",Daemon. Elite. War Engine.,Army,Soul_Grinder,6,2,4,6,0,Core Set,Core Set,No Wargear Attachments.,3
392,Xavaes Split-Tongue,Chaos,Loyal,"Reaction: After an enemy unit at this planet is destroyed, put a Cultist token into play at your HQ.",Slaanesh. Warrior.,Army,Xavaes_Split-Tongue,3,2,2,3,0,Core Set,Core Set,Unique.,3
393,Warpstorm,Chaos,Common,Combat Action: Deal 2 damage to each unit without any attachments at a target planet or HQ.,Power.,Event,Warpstorm,3,-1,-1,-1,1,Core Set,Core Set,,3
394,Tzeentch's Firestorm,Chaos,Loyal,Action: Deal X damage to a target non-warlord unit.,Power. Tzeentch.,Event,Tzeentch's_Firestorm,-1,-1,-1,-1,2,Core Set,Core Set,,3
395,Promise of Glory,Chaos,Common,Deploy Action: Put 2 Cultist tokens into play at your HQ.,Tactic.,Event,Promise_of_Glory,0,-1,-1,-1,1,Core Set,Core Set,,3
396,Rune-Encrusted Armor,Chaos,Common,"Attach to an army unit.
Attached unit gets +2 ATK and +2 HP.",Armor. Wargear.,Attachment,Rune-Encrusted_Armor,2,-1,-1,-1,1,Core Set,Core Set,,3
397,Dire Mutation,Chaos,Common,"Ambush.
Attach to an army unit.
Forced Interrupt: When attached unit exhaust, deal it 1 damage.",Curse. Tzeentch.,Attachment,Dire_Mutation,1,-1,-1,-1,1,Core Set,Core Set,Ambush.,3
398,Fortress of Madness,Chaos,Common,"Limited.
Interrupt: When you deploy a Chaos unit, exhaust this support to reduce that unit's cost by 1.",Location.,Support,Fortress_of_Madness,1,-1,-1,-1,0,Core Set,Core Set,Limited.Unique.,3
399,Murder Cogitator,Chaos,Common,"Reaction: After a or unit you control leaves play, exhaust this support to reveal the top card of your deck. If that card is a Chaos unit, add it to your hand.",Upgrade.,Support,Murder_Cogitator,0,-1,-1,-1,0,Core Set,Core Set,,3
400,Roghrax Bloodhand,Chaos,Loyal,"Brutal.
BLOODTHIRST - During a combat round in which 1 or more units have been destroyed at this planet, double this unit's ATK.",Warrior. Khorne. World Eaters.,Army,Roghrax_Bloodhand,4,1,2,5,0,The Great Devourer,The Great Devourer,Brutal.Bloodthirst.Unique.,3
401,Ecstatic Seizures,Chaos,Common,Action: Discard each attachment from each unit at a target planet.,Power. Slaanesh.,Event,Ecstatic_Seizures,2,-1,-1,-1,1,The Great Devourer,The Great Devourer,,3
402,Venomous Fiend,Chaos,Common,"While you control a non-Chaos warlord, this unit gains Mobile.
Reaction: After this unit moves to a planet, deal X damage to a target enemy army unit at that planet. X is the number of command icons the target unit has.",Daemon. Slaanesh. Elite.,Army,Venomous_Fiend,5,2,3,5,0,Legions of Death,Legions of Death,,3
403,Death Guard Infantry,Chaos,Common,,Warrior. Death Guard. Nurgle.,Army,Death_Guard_Infantry,3,1,2,4,0,Warlord Cycle,The Howl of Blackmane,,3
404,Heretek Inventor,Chaos,Loyal,"Forced Reaction: After this unit enters play, your opponent may move it to a planet of his choice.",Scholar.,Army,Heretek_Inventor,1,1,3,3,0,Warlord Cycle,The Howl of Blackmane,,3
405,Ku'gath Plaguefather,Chaos,Signature,"Reaction: After this warlord is declared as an attacker, move 1 damage from this warlord to another unit at this planet.",Daemon. Nurgle.,Warlord,Ku'gath_Plaguefather,-1,-1,1,7,0,Warlord Cycle,The Scourge,Unique.,1
406,Ku'gath's Nurglings,Chaos,Signature,"Forced Reaction: After a unit moves to this planet, deal it 1 damage.",Daemon. Nurgle.,Army,Ku'gath's_Nurglings,2,1,2,2,0,Warlord Cycle,The Scourge,,4
407,Vile Laboratory,Chaos,Signature,Deploy Action: Exhaust this support to have your opponent choose and move a non-Vehicle unit he controls from a target planet to an adjacent planet of his choice.,Location.,Support,Vile_Laboratory,2,-1,-1,-1,0,Warlord Cycle,The Scourge,,1
408,The Plaguefather's Banner,Chaos,Signature,"Attach to a Nurgle unit.
Attached unit gets +1 HP.
Reaction: After attached unit is declared as an attacker, move 1 damage from attached unit to another unit at this planet.",Wargear. Standard.,Attachment,The_Plaguefather's_Banner,1,-1,-1,-1,3,Warlord Cycle,The Scourge,Unique.,1
409,Fetid Haze,Chaos,Signature,"Combat Action: Remove all damage from a target Nurgle unit you control. Then, have your opponent deal an amount of indirect damage equal to the damage removed among army units he controls at the same planet.",Power. Nurgle.,Event,Fetid_Haze,3,-1,-1,-1,1,Warlord Cycle,The Scourge,,2
410,Rotten Plaguebearers,Chaos,Common,Action: Exhaust this unit to deal 1 damage to a target unit at this planet.,Daemon. Nurgle.,Army,Rotten_Plaguebearers,2,1,0,2,0,Warlord Cycle,Gift of the Ethereals,,3
411,Nurgling Bomb,Chaos,Common,"Combat Action: Target a planet. For each non-Nurgle unit at that planet, its controller must choose to either deal 1 damage to it or rout it.",Tactic. Nurgle.,Event,Nurgling_Bomb,3,-1,-1,-1,1,Warlord Cycle,Gift of the Ethereals,,3
412,Throne of Vainglory,Chaos,Loyal,"Action: Exhaust this support to discard the top card of your deck. If the printed cost of the discarded card is 3 or higher, put 2 Cultist tokens into play at your HQ.",Upgrade. Slaanesh.,Support,Throne_of_Vainglory,3,-1,-1,-1,0,Warlord Cycle,Gift of the Ethereals,,3
413,Gleeful Plague Beast,Chaos,Loyal,"No Wargear Attachments.
Forced Reaction: After the combat phase begins, deal 1 damage to each unit at this planet.",Daemon. Nurgle. Elite.,Army,Gleeful_Plague_Beast,5,1,3,5,0,Warlord Cycle,Zogwort's Curse,No Wargear Attachments.,3
414,Doombolt,Chaos,Common,Deploy Action: Deal X damage to a target enemy army unit. X is the amount of damage on that unit.,Power.,Event,Doombolt,1,-1,-1,-1,1,Warlord Cycle,Zogwort's Curse,,3
415,Blight Grenades,Chaos,Common,Combat Action: Sacrifice this attachment to give attached unit Area Effect (2) until the end of the combat phase.,Wargear. Nurgle.,Attachment,Blight_Grenades,1,-1,-1,-1,1,Warlord Cycle,Zogwort's Curse,,3
416,Noise Marine Zealots,Chaos,Common,This unit gets +2 ATK while it is at a planet with a warlord.,Warrior. Slaanesh.,Army,Noise_Marine_Zealots,3,1,2,3,0,Warlord Cycle,The Threat Beyond,,3
417,Turbulent Rift,Chaos,Common,"Reaction: After you deploy an Elite unit, deal 1 damage to that unit to deal 1 damage to each enemy unit at that planet.",Location.,Support,Turbulent_Rift,1,-1,-1,-1,0,Warlord Cycle,The Threat Beyond,,3
418,Cacophonic Choir,Chaos,Common,Deploy Action: Exhaust your warlord to have your opponent deal X indirect damage among units he controls. X is the number of units your opponent controls.,Power. Maneuver. Slaanesh.,Event,Cacophonic_Choir,2,-1,-1,-1,1,Warlord Cycle,The Threat Beyond,,3
419,Ancient Keeper of Secrets,Chaos,Common,"No Wargear Attachments.
Action: Sacrifice a Cultist unit to ready this unit.",Daemon. Slaanesh. Elite.,Army,Ancient_Keeper_of_Secrets,7,3,5,5,0,Warlord Cycle,Descendants of Isha,No Wargear Attachments.,3
420,Slaanesh's Temptation,Chaos,Loyal,"Attach to a planet.
Increase the cost of each enemy unit being deployed at another planet by 1.
Forced Reaction: After a battle at attached planet ends, sacrifice this attachment.",Power. Slaanesh.,Attachment,Slaanesh's_Temptation,2,-1,-1,-1,2,Warlord Cycle,Descendants of Isha,Unique.,3
421,Doom Siren,Chaos,Loyal,"Attach to an army unit you control.
Reaction: After attached unit uses its Area Effect ability, deal damage equal to its Area Effect value to each enemy unit at each adjacent planet. Then, sacrifice the attached unit.",Wargear. Slaanesh.,Attachment,Doom_Siren,2,-1,-1,-1,2,Warlord Cycle,Descendants of Isha,,3
422,Ravening Psychopath,Chaos,Common,"Reaction: After this unit resolves an attack, deal 1 damage to this unit to deal 1 damage to an enemy army unit at the same planet.",Ally. Cultist. Khorne.,Army,Ravening_Psychopath,2,1,1,3,0,Planetfall Cycle,Decree of Ruin,,3
423,Sowing Chaos,Chaos,Common,Deploy Action: Destroy each army unit with printed cost 2 or lower at each Tech planet (blue).,Tactic.,Event,Sowing_Chaos,2,-1,-1,-1,1,Planetfall Cycle,Decree of Ruin,,3
424,Ba'ar Zul the Hate-Bound,Chaos,Signature,"Reaction: After a unit you control at this planet takes damage, move all of that damage to this warlord.",Khorne. Warrior.,Warlord,Ba'ar_Zul_the_Hate-Bound,-1,-1,0,5,0,Planetfall Cycle,Boundless Hate,Unique.,1
425,Ba'ar Zul's Cleavers,Chaos,Signature,Action: Deal 2 damage to this unit to have it get +2 ATK for its next attack this phase. (Limit once per phase),Warrior. Khorne. World Eaters.,Army,Ba'ar_Zul's_Cleavers,3,1,2,5,0,Planetfall Cycle,Boundless Hate,,4
426,Kaerux Erameas,Chaos,Signature,Combat Action: Exhaust this support to resolve a battle at a non-first planet without a warlord. Use this ability only if no battle has been initiated this phase.,Location. Space Hulk.,Support,Kaerux_Erameas,2,-1,-1,-1,0,Planetfall Cycle,Boundless Hate,Unique.,1
427,Blood For The Blood God!,Chaos,Signature,Combat Action: Deal 1 damage to each undamaged unit at a target planet.,Tactic. Khorne.,Event,Blood_For_The_Blood_God!,1,-1,-1,-1,1,Planetfall Cycle,Boundless Hate,,2
428,The Butcher's Nails,Chaos,Signature,"Attach to your warlord.
Attached unit gains Brutal while it is hale.
Attached unit gains Armorbane while it is bloodied.",Wargear. World Eaters.,Attachment,The_Butcher's_Nails,1,-1,-1,-1,3,Planetfall Cycle,Boundless Hate,,1
429,Prodigal Sons Disciple,Chaos,Loyal,"Reaction: After this unit resolves an attack against an enemy army unit, deal X unpreventable damage to a target enemy unit at this planet. X is the number of command icons the targeted unit has.",Psyker. Tzeentch. Elite.,Army,Prodigal_Sons_Disciple,5,3,3,6,0,Planetfall Cycle,Deadly Salvage,,3
430,Seer of Deceit,Chaos,Common,"While this unit is at a Tech planet (blue), it gains: +1 card when command struggle won at this planet.",Scholar. Ally.,Army,Seer_of_Deceit,3,1,3,3,0,Planetfall Cycle,Deadly Salvage,,3
431,Khornate Chain Axe,Chaos,Common,"Attach to an army unit.
Attached unit gets +2 ATK.
BLOODTHIRST - During a round in which 1 or more units have been destroyed at this planet, attached unit gains Brutal.",Wargear. Weapon. Khorne.,Attachment,Khornate_Chain_Axe,1,-1,-1,-1,1,Planetfall Cycle,Deadly Salvage,,3
432,Master Warpsmith,Chaos,Common,"Reaction: After you sacrifice a Cultist token, reduce the cost of the next Elite unit you deploy this phase by 1.",Scholar.,Army,Master_Warpsmith,4,2,2,4,0,Planetfall Cycle,What Lurks Below,,3
433,Corrupted Teleportarium,Chaos,Common,Action: Exhaust this support to move an Elite unit you control from a Tech planet (blue) to another planet.,Location.,Support,Corrupted_Teleportarium,1,-1,-1,-1,0,Planetfall Cycle,What Lurks Below,,3
434,Berzerker Warriors,Chaos,Loyal,"Interrupt: When an enemy unit is destroyed, deploy this unit from your hand at the same planet as the destroyed unit.",Warrior. Khorne. World Eaters.,Army,Berzerker_Warriors,2,0,3,2,0,Planetfall Cycle,Wrath of the Crusaders,,3
435,Killing Field,Chaos,Common,Action: Exhaust this support to have each unit at a target planet lose Ranged until the end of the phase.,Location.,Support,Killing_Field,1,-1,-1,-1,0,Planetfall Cycle,Wrath of the Crusaders,,3
436,Staff of Change,Chaos,Common,"Attach to an army unit.
Limit 1 per unit.
Reaction: After you win a command struggle at this planet, deal 2 damage to a target unit at this planet.",Wargear. Weapon. Tzeentch.,Attachment,Staff_of_Change,1,-1,-1,-1,1,Planetfall Cycle,Wrath of the Crusaders,,3
437,Frenzied Bloodthirster,Chaos,Loyal,"No Wargear Attachments.
Immune to Power events.
BLOODTHIRST - During a combat round in which 1 or more units have been destroyed at this planet, this unit gains Armorbane, Brutal, and Flying.",Daemon. Khorne. Elite.,Army,Frenzied_Bloodthirster,10,2,8,8,0,Planetfall Cycle,The Final Gambit,No Wargear Attachments.Bloodthirst.,3
438,Warp Rift,Chaos,Loyal,Headquarters Action: Switch a target planet with an adjacent planet. (Units that were at a switched-out planet are now at the switched-in planet.),Power. Tzeentch.,Event,Warp_Rift,1,-1,-1,-1,2,Planetfall Cycle,The Final Gambit,,3
439,Sathariel the Invokator,Chaos,Common,"Deep Strike (3).
Reaction: After a combat round at this planet begins, return a Chaos Power event from your discard pile to your hand.",Psyker. Fallen. Elite.,Army,Sathariel_the_Invokator,5,1,4,4,0,Death World Cycle,Jungles of Nectavus,Deep Strike.Unique.,3
440,The Prince's Might,Chaos,Loyal,"Deep Strike (1).
Reaction: After you Deep Strike this event, Daemon units at this planet cannot be damaged by units with printed cost 2 or lower until the end of the phase.",Tactic.,Event,The_Prince's_Might,-1,-1,-1,-1,2,Death World Cycle,Jungles of Nectavus,Deep Strike.,3
441,Infectious Nurgling,Chaos,Common,Armorbane.,Daemon. Nurgle.,Army,Infectious_Nurgling,1,0,2,1,0,Death World Cycle,Unforgiven,Armorbane.,3
442,Seekers of Slaanesh,Chaos,Common,"No Wargear Attachments.
Action: Sacrifice a Cultist unit at this planet to draw 1 card.",Daemon. Slaanesh. Elite.,Army,Seekers_of_Slaanesh,5,2,4,5,0,Death World Cycle,Unforgiven,,3
443,Mark of Slaanesh,Chaos,Common,"Attach to an army unit you control.
Interrupt: When attached unit leaves play, move an army unit you control to this planet.",Curse. Slaanesh.,Attachment,Mark_of_Slaanesh,0,-1,-1,-1,1,Death World Cycle,Unforgiven,,3
444,Disciple of Excess,Chaos,Common,Each Elite unit you control at this planet gains “Cannot be routed or exhausted by card effects.”,Cultist. Slaanesh.,Army,Disciple_of_Excess,2,1,1,3,0,Death World Cycle,Slash and Burn,,3
445,Blood Rain Tempest,Chaos,Common,"Reaction: After the combat phase begins, sacrifice this support to reverse the order in which planets are checked for battles. (Start with the last planet and finish with the first planet.)",Upgrade.,Support,Blood_Rain_Tempest,1,-1,-1,-1,0,Death World Cycle,Slash and Burn,,3
446,Noise Marines Warband,Chaos,Loyal,"Area Effect (1), Deep Strike (2)",Soldier. Slaanesh.,Army,Noise_Marines_Warband,4,1,2,3,0,Death World Cycle,Searching for Truth,Area Effect.Deep Strike.,3
447,Ominous Wind,Chaos,Common,"Action: Draw X cards. X is the highest printed cost among units you control. Then, discard 4 cards from your hand.",Power. Nurgle.,Event,Ominous_Wind,2,-1,-1,-1,1,Death World Cycle,Searching for Truth,,3
448,Sickening Helbrute,Chaos,Common,"Brutal.
Forced Reaction: After a unit at this planet is declared as a defender, deal 1 damage to it.",Vehicle. Nurgle. Elite.,Army,Sickening_Helbrute,7,2,2,9,0,Death World Cycle,Against the Great Enemy,Brutal.,3
449,Purveyor of Hubris,Chaos,Common,"Interrupt: When your opponent deploys a non-Elite unit at this planet, increase its cost by 2.",Soldier. Slaanesh.,Army,Purveyor_of_Hubris,4,2,3,4,0,Death World Cycle,Against the Great Enemy,,3
450,Cloud of Flies,Chaos,Common,"Attach to a Nurgle army unit you control.
Reaction: After a combat round begins at this planet, each player deals 2 indirect damage among non-Nurgle units he controls at this planet, if able.",Blessing.,Attachment,Cloud_of_Flies,1,-1,-1,-1,1,Death World Cycle,Against the Great Enemy,,3
451,Vha'shaelhur,Chaos,Signature,"Area Effect (1).
Reaction: After an enemy army unit is destroyed while this unit is attacking, put a Cultist token into play at your HQ. (Limit once per attack.)",Daemon. Slaanesh.,Warlord,Vha'shaelhur,-1,-1,1,8,0,Death World Cycle,The Warp Unleashed,Area Effect.Unique.,1
452,Alluring Daemonette,Chaos,Signature,"Combat Action: Sacrifice a Cultist unit you control to move an 
enemy army unit at an adjacent planet to this planet. (Limit once per phase.)",Daemon. Slaanesh.,Army,Alluring_Daemonette,3,1,3,2,0,Death World Cycle,The Warp Unleashed,,4
453,Tower of Worship,Chaos,Signature,"Reaction: After you deploy a Daemon unit, put a Cultist token into play at your HQ.",Location. Slaanesh.,Support,Tower_of_Worship,1,-1,-1,-1,0,Death World Cycle,The Warp Unleashed,Unique.,1
454,Daemonic Incursion,Chaos,Signature,"Action: Search the top 6 cards of your deck for a Daemon unit. Reveal it, add it to your hand, and put the remaining cards on the bottom of your deck in any order.",Power.,Event,Daemonic_Incursion,1,-1,-1,-1,1,Death World Cycle,The Warp Unleashed,,2
455,Predatory Instinct,Chaos,Signature,Attach to a Chaos unit you control.Attached unit gains Area Effect (1).,Skill.,Attachment,Predatory_Instinct,2,-1,-1,-1,3,Death World Cycle,The Warp Unleashed,,1
456,Advocator of Blood,Chaos,Common,"Brutal.
While any warlord is bloodied, this unit gains 1 command icon.
Reaction: After this unit enters play, move up to 2 damage from Chaos army units and Khorne units to this unit.",Daemon. Khorne.,Army,Advocator_of_Blood,3,1,1,5,0,Confrontation Cycle,By Imperial Decree,Brutal.,3
457,Cajivak the Hateful,Chaos,Loyal,"Interrupt: When damage equal to or greater than your warlord's remaining HP is assigned or moved to your warlord, either (choose one): put this unit into play from your hand at a planet, or discard this card from your hand to draw 2 cards.",Warrior. Khorne.,Army,Cajivak_the_Hateful,2,2,2,2,0,Navida Prime Cycle,Overrun,Unique.,3
458,Champion of Khorne,Chaos,Loyal,"Bloodthirst - During a combat round in which 1 or more units have been destroyed at this planet, this unit gains Brutal and Immune to enemy events.
Forced Reaction: After a battle at an adjacent planet begins, move this unit to that planet.",Warrior. Khorne.,Army,Champion_of_Khorne,3,0,1,6,0,Navida Prime Cycle,Breaching the Veil,Bloodthirst.,3
459,Charging Juggernaut,Chaos,Loyal,"While this unit has an attachment, it gets +1 HP and it cannot be routed until a combat round ended this round.
Forced Reaction: After the deploy phase begins, move this unit to the first planet. Then deal 2 damage to an enemy unit at that planet.",Daemon. Khorne.,Army,Charging_Juggernaut,3,1,4,2,0,Defenders of the Faith,Defenders of the Faith,,3
460,Conjuring Warmaster,Chaos,Loyal,"While at a planet with your warlord, this unit gains Mobile.
Combat Action: Exhaust an Elite unit you control at a planet to move it to this planet. (Limit once per phase.)",Warrior. Slaanesh.,Army,Conjuring_Warmaster,3,1,2,3,0,Chronicles of Heroes,Chronicles of Heroes,,3
461,Death Guard Preachers,Chaos,Common,"Lumbering. Retaliate (2).
Reaction: After you deploy a Nurgle unit at this planet, at this planet move 1 damage from an army unit to another army unit. (Limit once per phase.)",Daemon. Nurgle.,Army,Death_Guard_Preachers,3,2,2,6,0,Bloodied Path Cycle,Herald of the Plague God,Retaliate.Lumbering.,3
462,Expendable Pawn,Chaos,Common,"Reaction: After a unit is assigned damage at this planet or an adjacent planet, sacrifice this unit to prevent 2 of that damage.",Cultist. Khorne.,Army,Expendable_Pawn,1,1,1,1,0,Confrontation Cycle,By Imperial Decree,,3
463,Galvax the Bloated,Chaos,Loyal,"This unit gets +1 ATK and +1 HP for each cultist unit you control at this planet.
Reaction: After a Cultist unit you control leaves play from this planet, deal 1 damage to a unit at this planet.",Touched. Nurgle.,Army,Galvax_the_Bloated,3,1,2,4,0,Confrontation Cycle,The Laughing God,Unique.,3
464,Ireful Vanguard,Chaos,Loyal,"While any warlord is bloodied, this unit gets +1 ATK and +1 HP.
Action: Deal 3 damage to an army unit at this planet. Use this ability only if your opponent won a command struggle at this planet this round (Limit once per round.)",Warrior. Khorne.,Army,Ireful_Vanguard,3,1,3,4,0,Confrontation Cycle,By Imperial Decree,,3
465,Lekor Blight-Tongue,Chaos,Loyal,"Sweep (1).
Headquarters Action: Exhaust this unit to place a token on a target army unit. Then if there is 2 tokens or more on that unit, remove them to deal it 3 damage.",Cultist. Nurgle.,Army,Lekor_Blight-Tongue,2,1,1,3,0,Bloodied Path Cycle,Herald of the Plague God,Sweep.Unique.,3
466,Neurotic Obliterator,Chaos,Common,"This unit gets +1 ATK and +1 HP for each attachment on it.
Reaction: After this unit is chosen as a defender, exhaust a Weapon attachment on it to deal 1 damage to the attacker.",Warrior.,Army,Neurotic_Obliterator,3,1,1,5,0,Navida Prime Cycle,Breaching the Veil,,3
467,Plagueburst Crawler,Chaos,Loyal,"Lumbering.
Headquarters Action: Ready this unit to deal 2 damage to a target non-unique unit.",Vehicle. Nurgle. Daemon.,Army,Plagueburst_Crawler,2,1,2,4,0,Bloodied Path Cycle,Herald of the Plague God,Lumbering.,3
468,Raging Daemonhost,Chaos,Common,"Interrupt: When this card leaves play, attach it to an army unit you control at the same planet instead as an attachment with the text: ""Attach to a non-Daemon, non-Vehicle army unit. Attached unit gets +3 ATK, +3 HP and the Khorne trait.""",Daemon. Cultist. Khorne.,Army,Raging_Daemonhost,4,0,3,3,0,Navida Prime Cycle,Promise of War,,3
469,Sivarla Soulbinder,Chaos,Loyal,"Each Cultist token you control gets +1 ATK and +1 HP. Your Cultist token limit is set to 2.
Combat Action: Move a Cultist unit you control to a target planet. (Limit once per phase.)",Daemon. Slaanesh.,Army,Sivarla_Soulbinder,2,1,1,4,0,Navida Prime Cycle,Aligned Stars,Unique.,3
470,The Masque,Chaos,Common,"Sweep (1). Retaliate (4).
Reaction: After this unit resolves an attack, put a Cultist token into play at this planet.",Daemon. Slaanesh. Elite.,Army,The_Masque,6,2,3,6,0,Bloodied Path Cycle,Herald of the Plague God,Sweep.Retaliate.Unique.,3
471,Uncontrollable Rioters,Chaos,Loyal,"Cost of units you deploy is increased by 1.
This unit cannot change control more than once per round.
Action: Give control of this unit to your opponent.",Cultist. Mob.,Army,Uncontrollable_Rioters,0,0,2,1,0,Confrontation Cycle,The Laughing God,,3
472,Improvised Minefield,Chaos,Common,"Deep Strike (1). Attach to a planet.
Forced Reaction: After a non-warlord unit is declared as an attacker at this planet, deal 3 damage to it and discard this card.",Location.,Attachment,Improvised_Minefield,2,-1,-1,-1,1,Navida Prime Cycle,Enemy Territory,Deep Strike.,3
473,Medallion of Betrayal,Chaos,Loyal,"Attach to a non-warlord unit.
Attached unit gets +1 ATK and +1 HP, double if it is a Cultist.
Reaction: After this card enters your discard pile, if you control no Cultist token, put a Cultist token into play at your HQ.",Wargear. Weapon. Slaanesh.,Attachment,Medallion_of_Betrayal,1,-1,-1,-1,2,Navida Prime Cycle,Aligned Stars,,3
474,Scrying Pool,Chaos,Common,"Attach to an army unit. Attached unit gets +1 HP.
Interrupt: When you would discard a card from your hand as a result of an opponent's triggered ability, discard this card from your hand and draw a card instead. Then put it into play from your discard pile attached to an eligible unit, if able.",Blessing. Tzeentch.,Attachment,Scrying_Pool,0,-1,-1,-1,1,Navida Prime Cycle,Overrun,,3
475,Everlasting Rage,Chaos,Common,"Action: Remove up to X damage from a Khorne unit, then this unit gets +X ATK for its next attack this phase. X is the number of Khorne units you control. (Max 1 per round.)",Tactic. Khorne.,Event,Everlasting_Rage,2,-1,-1,-1,1,Navida Prime Cycle,Promise of War,,3
476,Tides of Chaos,Chaos,Loyal,"Reaction: After your warlord commits to a planet, each army unit gains an amount of command icons equal to their ATK value until the end of the phase.",Tactic.,Event,Tides_of_Chaos,1,-1,-1,-1,2,Confrontation Cycle,The Laughing God,,3
477,Dark Allegiance,Chaos,Loyal,"When deployed, choose a trait among: Nurgle, Khorne, Slaanesh, Tzeentch.
Reaction: After the deploy phase begins, Rally 6 a card with the chosen trait, then deploy it at a target planet reducing its cost by 1. Use this ability only if each unit you control shares the chosen trait.",Pledge.,Support,Dark_Allegiance,1,-1,-1,-1,0,Chronicles of Heroes,Chronicles of Heroes,Preparation.,1
478,Myriad Excesses,Chaos,Loyal,"You cannot sacrifice tokens.
Reaction: After the deploy phase ends, both players set their command dial then reveal it. Place 2 Cultist tokens into play at the planet you chose. Then, if your opponent chose the same planet, they may choose either to destroy one of those tokens or take control of it.",Pledge.,Support,Myriad_Excesses,2,-1,-1,-1,0,Chronicles of Heroes,Chronicles of Heroes,Preparation.,1
479,Unstoppable Tide,Chaos,Loyal,"After your warlord is assigned damage, exhaust this support to prevent all of that damage. At the end of the phase, deal an amount of damage to your warlord equal to the damage prevented.",Pledge.,Support,Unstoppable_Tide,0,-1,-1,-1,0,Chronicles of Heroes,Chronicles of Heroes,Preparation.,1
480,Cult of Khorne,Chaos,Loyal,"Interrupt: When a Khorne army unit enters play under your control, move 1 damage from a unit to this support. Then if this support has 2 damage on it, attach it to a unit as a Wargear attachment with the text: ""Attach to an army unit. Attached unit gets +2 ATK."".",Cult. Khorne.,Support,Cult_of_Khorne,1,-1,-1,-1,0,Navida Prime Cycle,Aligned Stars,,3
481,Tras the Corrupter,Chaos,Signature,"Forced Reaction: After you commit your warlord, replace a planet with one from The Breach sector (each planet can only be used once). After that planet is captured, replace it again with the original.",Chosen. Tzeentch.,Warlord,Tras_the_Corrupter,-1,-1,2,6,0,Bloodied Path Cycle,The Shadow in the Warp,Unique.,1
482,Cult of Duplicity,Chaos,Signature,"While triggering battle abilities with a choice on a replaced planet, you may pay 1 RESOURCE to choose both.",Cult.,Support,Cult_of_Duplicity,1,-1,-1,-1,0,Bloodied Path Cycle,The Shadow in the Warp,,1
483,Iridescent Wand,Chaos,Signature,"Attach to your warlord.
Action: Exhaust this attachment to have up to 2 army units at this planet gain Sweep (1) until the end of the phase. Can only be used at a replaced planet.",Wargear. Tzeentch.,Attachment,Iridescent_Wand,1,-1,-1,-1,3,Bloodied Path Cycle,The Shadow in the Warp,,1
484,Torturer of Worlds,Chaos,Signature,Action: Switch the location of two target army units you control. Each target must be at a replaced planet.,Tactic. Tzeentch.,Event,Torturer_of_Worlds,1,-1,-1,-1,1,Bloodied Path Cycle,The Shadow in the Warp,,2
485,War Cabal,Chaos,Signature,"Reaction: After a planet replaces another or is revealed, move this unit to that planet and exhaust it if able.",Soldier. Tzeentch.,Army,War_Cabal,2,1,2,3,0,Bloodied Path Cycle,The Shadow in the Warp,,4
486,Vael the Gifted,Chaos,Signature,"Effects of events you play cannot be cancelled.
When the game starts, remove each Ritual card in your deck from the game.
You may play Ritual events you removed from the game as if they were in your hand. (Limit once per round.)",Ritualist. Chaos Undivided.,Warlord,Vael_the_Gifted,-1,-1,2,6,0,Confrontation Cycle,The Laughing God,Unique.,1
487,Drammask Nane,Chaos,Signature,"Reaction: After you play a Ritual event, sacrifice a unit at this planet to have up to 4 units you control at this planet get +1 ATK until the end of the phase.",Sorcerer.,Army,Drammask_Nane,3,2,2,4,0,Confrontation Cycle,The Laughing God,Unique.,2
488,Sacrificial Altar,Chaos,Signature,"Deploy Action: Exhaust this support and target a non first-planet to draw 1 card an gain 1 resource. If your opponent wins a command struggle at the targeted planet this round, they draw 1 card and gain 1 RESOURCE.",Location.,Support,Sacrificial_Altar,1,-1,-1,-1,0,Confrontation Cycle,The Laughing God,,1
489,Talisman of Denial,Chaos,Signature,"Attach to your warlord.
Attached unit gains 3 command icons.
Combat Action: Sacrifice this attachment to switch the damage on your warlord with the damage on a hale warlord at this planet.",Wargear.,Attachment,Talisman_of_Denial,0,-1,-1,-1,3,Confrontation Cycle,The Laughing God,,1
490,The Blood Pits,Chaos,Signature,"Reaction: After your warlord commits to a planet with an enemy warlord, choose up to 1 enemy unit at each planet without a warlord. Deal 2 damage to each chosen unit.",Ritual. Khorne.,Event,The_Blood_Pits,1,-1,-1,-1,1,Confrontation Cycle,The Laughing God,,1
491,The Grand Plan,Chaos,Signature,"Interrupt: When a player places a planet in their victory display, sacrifice an army unit at a planet with no enemy army unit to remove that planet from the game instead. At the end of the next round, place the planet in that player's victory display and draw 4 cards.",Ritual. Tzeentch.,Event,The_Grand_Plan,1,-1,-1,-1,1,Confrontation Cycle,The Laughing God,,1
492,The Inevitable Decay,Chaos,Signature,"Reaction: After an enemy army unit enters play or moves to a planet with a unique unit you control, exhaust it and move up to 2 damage from units at the same planet to that enemy unit.",Ritual. Nurgle.,Event,The_Inevitable_Decay,1,-1,-1,-1,1,Confrontation Cycle,The Laughing God,,1
493,The Orgiastic Feast,Chaos,Signature,"Command Action: Rally 12 up to two units with cost 4 or lower, put them into play at a target planet and shuffle your deck. If those units are still in play at the end of the round, return them to your hand.",Ritual. Slaanesh.,Event,The_Orgiastic_Feast,4,-1,-1,-1,1,Confrontation Cycle,The Laughing God,,1
494,Packmaster Kith,Dark Eldar,Signature,"Reaction: After this warlord commits to a planet, put a Khymera token into play at this planet.",Warrior. Succubus. Wych.,Warlord,Packmaster_Kith,-1,-1,2,6,0,Core Set,Core Set,Unique.,1
495,Kith's Khymeramasters,Dark Eldar,Signature,"Reaction: After this unit enters play, put a Khymera token into play at this planet.",Warrior. Beastmaster. Wych.,Army,Kith's_Khymeramasters,2,1,1,2,0,Core Set,Core Set,,4
496,Khymera Den,Dark Eldar,Signature,Action: Exhaust this support to move any number of Khymera tokens you control to a target planet.,Location.,Support,Khymera_Den,1,-1,-1,-1,0,Core Set,Core Set,,1
497,Pact of the Haemonculi,Dark Eldar,Signature,"Deploy Action: Sacrifice a unit to discard 1 card at random from your opponent's hand. Then, draw 2 cards.",Tactic.,Event,Pact_of_the_Haemonculi,2,-1,-1,-1,1,Core Set,Core Set,,2
498,Agonizer of Bren,Dark Eldar,Signature,"Attach to an army unit.
Attached unit gets +1 ATK for each Khymera token you control.",Wargear. Weapon.,Attachment,Agonizer_of_Bren,1,-1,-1,-1,3,Core Set,Core Set,,1
499,Sybarite Marksman,Dark Eldar,Common,Ranged. (This unit attacks during the ranged skirmish at the beginning of a battle.),Warrior. Kabalite.,Army,Sybarite_Marksman,1,0,2,1,0,Core Set,Core Set,Ranged.,3
500,Incubus Warrior,Dark Eldar,Common,,Warrior.,Army,Incubus_Warrior,2,2,3,1,0,Core Set,Core Set,,3
501,Haemonculus Tormentor,Dark Eldar,Common,Action: Pay 1 RESOURCE to give this unit +2 ATK until the end of the phase.,Scholar. Haemonculus.,Army,Haemonculus_Tormentor,4,1,2,4,0,Core Set,Core Set,,3
502,Hellion Gang,Dark Eldar,Common,Flying. (This unit takes half damage from non-Flying units.,Scout. Raider.,Army,Hellion_Gang,2,1,2,2,0,Core Set,Core Set,Flying.,3
503,Beasthunter Wyches,Dark Eldar,Common,"Reaction: After you play a Dark Eldar event card, pay 1 RESOURCE to put a Khymera token into play at your HQ",Warrior. Wych.,Army,Beasthunter_Wyches,3,2,1,3,0,Core Set,Core Set,,3
504,Baleful Mandrake,Dark Eldar,Common,Ranged. (This unit attacks during the ranged skirmish at the beginning of a battle.),Warrior.,Army,Baleful_Mandrake,3,1,3,2,0,Core Set,Core Set,Ranged.,3
505,Vile Raider,Dark Eldar,Common,"No Wargear Attachments.
Mobile. (At the beginning of the combat phase, this unit may move to an adjacent planet.",Vehicle. Transport.,Army,Vile_Raider,4,2,2,4,0,Core Set,Core Set,Mobile.No Wargear Attachments.,3
506,Black Heart Ravager,Dark Eldar,Loyal,"No Wargear Attachments.
Flying. (This unit takes half damage from non-Flying units.)
Reaction: After this unit damages a non-warlord unit, rout that unit.",Vehicle. Tank. Elite.,Army,Black_Heart_Ravager,6,2,2,5,0,Core Set,Core Set,No Wargear Attachments.Flying.,3
507,Murder of Razorwings,Dark Eldar,Loyal,"No Attachments.
Reaction: After you deploy this unit, discard 1 card at random from your opponent's hand.",Creature. Ally.,Army,Murder_of_Razorwings,1,0,1,1,0,Core Set,Core Set,No Attachments.,3
508,Coliseum Fighters,Dark Eldar,Common,"Reaction: After this unit enters play, return the topmost event card from your discard pile to your hand.",Warrior. Wych.,Army,Coliseum_Fighters,2,0,1,2,0,Core Set,Core Set,,3
509,Kabalite Strike Force,Dark Eldar,Common,Area Effect (1). (When this unit attacks it may instead deal its Area Effect damage to each enemy unit at this planet.,Warrior. Kabalite.,Army,Kabalite_Strike_Force,2,0,2,2,0,Core Set,Core Set,Area Effect.,3
510,Syren Zythlex,Dark Eldar,Loyal,"Reaction: After an enemy unit is deployed at this planet, exhaust it.",Warrior. Wych.,Army,Syren_Zythlex,3,2,2,3,0,Core Set,Core Set,Unique.,3
511,Power from Pain,Dark Eldar,Common,Combat Action: Your opponent must sacrifice an army unit if able.,Power. Torture.,Event,Power_from_Pain,2,-1,-1,-1,1,Core Set,Core Set,,3
512,Archon's Terror,Dark Eldar,Common,Combat Action: Rout a target non-unique unit.,Power.,Event,Archon's_Terror,2,-1,-1,-1,1,Core Set,Core Set,,3
513,Raid,Dark Eldar,Loyal,"Limited. (Limit one Limited card per round.)
Action: Take 1 RESOURCE from your opponent if he has more resources than you.",Tactic.,Event,Raid,0,-1,-1,-1,2,Core Set,Core Set,Limited.,3
514,Suffering,Dark Eldar,Loyal,"Attach to an army unit.
Attached unit gets -2 ATK.",Condition. Torture.,Attachment,Suffering,1,-1,-1,-1,2,Core Set,Core Set,,3
515,Hypex Injector,Dark Eldar,Common,"Attach to an army unit.
Reaction: After you play a Dark Eldar event card, ready attached unit.",Wargear.,Attachment,Hypex_Injector,0,-1,-1,-1,1,Core Set,Core Set,,3
516,Altar of Torment,Dark Eldar,Common,"Limited. (Limit one Limited card per round.)
Interrupt: When you deploy a Dark Eldar unit, exhaust this support to reduce that unit's cost by 1.",Location.,Support,Altar_of_Torment,1,-1,-1,-1,0,Core Set,Core Set,Limited.Unique.,3
517,Twisted Laboratory,Dark Eldar,Loyal,Action: Exhaust this support to treat the printed text box of a target army unit as if it were blank (except for Traits) until the end of the phase.,Location.,Support,Twisted_Laboratory,2,-1,-1,-1,0,Core Set,Core Set,,3
518,Solarite Avetys,Dark Eldar,Loyal,"Flying.
Reaction: After this unit takes damage by an attack from a non-flying unit, deal 2 damage to the attacker.",Warrior.,Army,Solarite_Avetys,4,1,2,4,0,The Great Devourer,The Great Devourer,Flying.Unique.,3
519,Dark Possession,Dark Eldar,Common,"Action: As your next Action this phase, you may play an event card in your opponent's discard pile as if it were in your hand. (You pay its costs, choose its targets, and follow all restrictions.)",Tactic. Torture.,Event,Dark_Possession,2,-1,-1,-1,1,The Great Devourer,The Great Devourer,,3
520,Treacherous Lhamaean,Dark Eldar,Common,"While you control a non-Dark Eldar warlord, this unit gains Armorbane.
Forced Interrupt: When this unit is destroyed, sacrifice another army unit at this planet.",Warrior.,Army,Treacherous_Lhamaean,2,0,4,1,0,Legions of Death,Legions of Death,,3
521,Uber Grotesque,Dark Eldar,Common,"No Wargear Attachments.
Reaction: After you play a Torture event card, this unit gets +3 ATK until the end of the phase. (Limit once per phase.)",Creature. Abomination. Elite.,Army,Uber_Grotesque,5,1,3,5,0,Warlord Cycle,The Howl of Blackmane,No Wargear Attachments.,3
522,Visions of Agony,Dark Eldar,Common,"Action: Look at your opponent's hand. Then, choose and discard 1 card from that hand.",Tactic. Torture.,Event,Visions_of_Agony,3,-1,-1,-1,1,Warlord Cycle,The Howl of Blackmane,,3
523,Archon's Palace,Dark Eldar,Loyal,"Interrupt: When your opponent wins a command struggle, exhaust this support to cancel either the card bonus or the resource bonus of that planet this phase.",Location.,Support,Archon's_Palace,2,-1,-1,-1,0,Warlord Cycle,The Howl of Blackmane,Unique.,3
524,Klaivex Warleader,Dark Eldar,Loyal,"Ambush.
Reaction: After you deploy this unit during the combat phase, destroy a target damaged army unit at this planet.",Warrior.,Army,Klaivex_Warleader,4,2,3,3,0,Warlord Cycle,The Scourge,Ambush.,3
525,Bladed Lotus Rifle,Dark Eldar,Common,"Attach to an army unit.
Attached unit gets +1 ATK.
If attached unit is a Kabalite, it gains Ranged.",Wargear. Weapon.,Attachment,Bladed_Lotus_Rifle,1,-1,-1,-1,1,Warlord Cycle,The Scourge,,3
526,Soul Seizure,Dark Eldar,Common,Action: Put a target army unit with printed cost X or lower from your opponent's discard pile into play under your control at a planet. X is the number of Torture cards in your discard pile.,Tactic. Torture.,Event,Soul_Seizure,5,-1,-1,-1,1,Warlord Cycle,The Scourge,,3
527,Sslyth Mercenary,Dark Eldar,Common,Action: Pay 2 to take control of this unit if it is at a planet. Any player may use this ability.,Warrior.,Army,Sslyth_Mercenary,1,2,2,2,0,Warlord Cycle,Gift of the Ethereals,,3
528,Despise,Dark Eldar,Common,"Combat Action: Each player must sacrifice an Ally unit he controls, if able.",Tactic.,Event,Despise,0,-1,-1,-1,1,Warlord Cycle,Gift of the Ethereals,,3
529,Bloodied Reavers,Dark Eldar,Common,No Wargear AttachmentsThis unit gets +2 ATK while it is at a planet with a warlord.,Vehicle.,Army,Bloodied_Reavers,2,1,2,2,0,Warlord Cycle,Zogwort's Curse,No Wargear Attachments.,3
530,Crucible of Malediction,Dark Eldar,Common,"Reaction: After you play a Torture event card, exhaust this support to look at the top 3 cards of a deck. Discard 1 of those cards, and place the remaining cards on top of that deck in any order.",Upgrade.,Support,Crucible_of_Malediction,1,-1,-1,-1,0,Warlord Cycle,Zogwort's Curse,,3
531,Searing Brand,Dark Eldar,Loyal,Combat Action: Deal 3 unpreventable damage to a target non-warlord unit at a planet with your warlord. Your opponent may choose and discard 2 cards from his hand to cancel this effect.,Tactic. Torture.,Event,Searing_Brand,3,-1,-1,-1,2,Warlord Cycle,Zogwort's Curse,,3
532,Kabalite Halfborn,Dark Eldar,Common,"Interrupt: When this unit leaves play, draw 1 card.",Warrior. Kabalite.,Army,Kabalite_Halfborn,1,0,1,1,0,Warlord Cycle,The Threat Beyond,,3
533,Slake the Thirst,Dark Eldar,Common,"Action: Exhaust your warlord to discard up to 3 cards at random from a target player's hand. Then, that player draws cards equal to the number of cards discarded.",Tactic. Maneuver.,Event,Slake_the_Thirst,0,-1,-1,-1,1,Warlord Cycle,The Threat Beyond,,3
534,Shadow Field,Dark Eldar,Loyal,"Attach to a Dark Eldar army unit.
Attached unit cannot be dealt damage by an army unit with printed cost 2 or lower.",Wargear.,Attachment,Shadow_Field,2,-1,-1,-1,2,Warlord Cycle,The Threat Beyond,,3
535,Urien Rakarth,Dark Eldar,Signature,"The cost for you to play each Torture event is reduced by 1.
The cost for you to play each non-Torture event is increased by 1.",Scholar. Haemonculus.,Warlord,Urien_Rakarth,-1,-1,2,6,0,Warlord Cycle,Descendants of Isha,Unique.,1
536,Twisted Wracks,Dark Eldar,Signature,Action: Discard a Torture card from your hand to ready this unit.,Creature. Abomination.,Army,Twisted_Wracks,2,0,3,3,0,Warlord Cycle,Descendants of Isha,,2
537,Rakarth's Experimentations,Dark Eldar,Signature,"Action: Name a card type (unit, support, attachment, event). Your opponent must either discard 1 card of that type from his hand or deal 1 damage to his warlord.",Tactic. Torture.,Event,Rakarth's_Experimentations,1,-1,-1,-1,1,Warlord Cycle,Descendants of Isha,,4
538,Ichor Gauntlet,Dark Eldar,Signature,"Attach to your warlord.
Reaction: After you play a Torture event card, exhaust attached warlord to copy its effects. You may choose new targets.",Wargear. Weapon.,Attachment,Ichor_Gauntlet,2,-1,-1,-1,3,Warlord Cycle,Descendants of Isha,,1
539,Urien's Oubliette,Dark Eldar,Signature,"Your opponent plays with the top card of his deck revealed.
Action: Exhaust this support to discard the top card of each player's deck or have each player draw 1 card.",Location.,Support,Urien's_Oubliette,1,-1,-1,-1,0,Warlord Cycle,Descendants of Isha,Unique.,1
540,Stalking Ur-Ghul,Dark Eldar,Common,"No Attachments.
This unit gets -5 ATK while attacking a warlord or undamaged army unit.",Creature.,Army,Stalking_Ur-Ghul,3,0,5,3,0,Planetfall Cycle,Decree of Ruin,No Attachments.,3
541,Holding Cell,Dark Eldar,Loyal,"Your opponent cannot deploy copies of the attached card.
Reaction: After an enemy army unit is destroyed by an attack, if no card is attached to this support, attach that unit to this support.",Location.,Support,Holding_Cell,1,-1,-1,-1,0,Planetfall Cycle,Decree of Ruin,,3
542,Archon Salaine Morn,Dark Eldar,Signature,"Reaction: After a Kabalite or Raider unit enters play under your control at a Material planet (red), gain 1 RESOURCE. (Limit once per phase.)",Warrior. Archon.,Warlord,Archon_Salaine_Morn,-1,-1,2,7,0,Planetfall Cycle,Boundless Hate,Unique.,1
543,Shadowed Thorns Pillagers,Dark Eldar,Signature,Ambush.,Warrior. Raider. Kabalite.,Army,Shadowed_Thorns_Pillagers,2,1,2,2,0,Planetfall Cycle,Boundless Hate,Ambush.,4
544,The Nexus of Shadows,Dark Eldar,Signature,Action: Pay 2 RESOURCE to draw 1 card. (Limit once per phase.),Location.,Support,The_Nexus_of_Shadows,1,-1,-1,-1,0,Planetfall Cycle,Boundless Hate,Unique.,1
545,Inevitable Betrayal,Dark Eldar,Signature,"Action: Choose any number of undamaged enemy army units at a target planet. Until the end of the phase, treat each of those units as if its printed text box were blank.",Tactic.,Event,Inevitable_Betrayal,2,-1,-1,-1,1,Planetfall Cycle,Boundless Hate,,2
546,Last Breath,Dark Eldar,Signature,"Attach to a unique unit.
Reaction: After attached unit damages an army unit by attack, the attacked unit gets -3 ATK until the end of the phase.",Relic. Wargear. Weapon.,Attachment,Last_Breath,1,-1,-1,-1,3,Planetfall Cycle,Boundless Hate,Unique.,1
547,Mandrake Fearmonger,Dark Eldar,Loyal,"Reaction: After this unit damages an army unit by an attack, discard 1 card at random from your opponent's hand.",Warrior.,Army,Mandrake_Fearmonger,3,1,1,3,0,Planetfall Cycle,Deadly Salvage,,3
548,Shadowed Thorns Bodysuit,Dark Eldar,Common,"Attach to a Kabalite army unit.
Reaction: After attached unit is declared as a defender, exhaust this attachment to cancel the remainder of the attack.",Wargear. Armor.,Attachment,Shadowed_Thorns_Bodysuit,0,-1,-1,-1,1,Planetfall Cycle,Deadly Salvage,,3
549,Dying Sun Marauder,Dark Eldar,Loyal,"Reaction: After you gain 1 or more RESOURCE, ready this unit.",Warrior. Raider. Kabalite.,Army,Dying_Sun_Marauder,2,0,2,3,0,Planetfall Cycle,What Lurks Below,,3
550,Kabalite Harriers,Dark Eldar,Common,"Reaction: After a Kabalite unit enters play at this planet, deal 1 damage to a target undamaged unit at this planet.",Warrior. Kabalite.,Army,Kabalite_Harriers,2,1,1,2,0,Planetfall Cycle,What Lurks Below,,3
551,Gut and Pillage,Dark Eldar,Common,"Reaction: After you win a battle at a Material planet (red), gain 3 RESOURCE. (Max 1 per round.)",Tactic.,Event,Gut_and_Pillage,0,-1,-1,-1,1,Planetfall Cycle,What Lurks Below,,3
552,Shadowed Thorns Venom,Dark Eldar,Common,"No Wargear Attachments.
Reaction: After you deploy this unit, you may move each Kabalite army unit you control to a Material planet (red). (Each unit can move to a different planet).",Vehicle. Raider. Elite.,Army,Shadowed_Thorns_Venom,5,2,4,4,0,Planetfall Cycle,Wrath of the Crusaders,No Wargear Attachments.,3
553,Rapid Assault,Dark Eldar,Common,"Combat Action: Target a planet. Put a Kabalite unit with a printed cost 3 or lower into play from your hand exhausted at the targeted planet. Then, if the targeted planet is a Material planet (red), ready up to 2 Kabalite units at that planet.",Tactic.,Event,Rapid_Assault,2,-1,-1,-1,1,Planetfall Cycle,Wrath of the Crusaders,,3
554,Flayed Skull Slaver,Dark Eldar,Common,"While this unit is at a Material planet (red), it gains: +2 resources when command struggle won at this planet.",Warrior. Kabalite. Ally.,Army,Flayed_Skull_Slaver,3,1,2,3,0,Planetfall Cycle,The Final Gambit,,3
555,Raiding Portal,Dark Eldar,Common,"Reaction: After you win a command struggle, exhaust this support to move a target Kabalite army unit you control at that planet to a Material planet (red). That unit gains 1 command icon until the end of the phase.",Upgrade.,Support,Raiding_Portal,1,-1,-1,-1,0,Planetfall Cycle,The Final Gambit,,3
556,Hallucinogen Grenade,Dark Eldar,Loyal,"Attach to a Kabalite army unit you control.
Combat Action: Sacrifice this attachment to exhaust a target enemy non-Elite army unit at this planet. Then, deal damage to that unit equal to its printed ATK value.",Wargear.,Attachment,Hallucinogen_Grenade,2,-1,-1,-1,2,Planetfall Cycle,The Final Gambit,,3
557,Supplicant of Pain,Dark Eldar,Common,Each Elite army unit you control at this planet gains Armorbane while attacking a damaged enemy unit.,Creature. Abomination.,Army,Supplicant_of_Pain,2,1,1,3,0,Death World Cycle,Jungles of Nectavus,,3
558,Hunting Grounds,Dark Eldar,Common,Action: Exhaust this support and sacrifice a Khymera token to ready a Creature army unit you control.,Location.,Support,Hunting_Grounds,1,-1,-1,-1,0,Death World Cycle,Jungles of Nectavus,,3
559,Mandrake Cutthroat,Dark Eldar,Common,"Deep Strike (1).
Reaction: After you Deep Strike this unit, destroy a target Ally unit at this planet.",Warrior.,Army,Mandrake_Cutthroat,3,1,2,2,0,Death World Cycle,Unforgiven,Deep Strike.,3
560,A Thousand Cuts,Dark Eldar,Loyal,"Combat Action: Deal 1 damage to a target non-Elite army unit. Then, shuffle this card back into your deck.",Tactic. Torture.,Event,A_Thousand_Cuts,1,-1,-1,-1,2,Death World Cycle,Unforgiven,,3
561,Corrupted Clawed Fiend,Dark Eldar,Common,"No Attachments.
Reaction: After a unit with printed cost 2 or lower deals damage to this unit by an attack, rout that unit.",Creature. Elite.,Army,Corrupted_Clawed_Fiend,7,3,6,7,0,Death World Cycle,Slash and Burn,No Attachments.,3
562,Electrocorrosive Whip,Dark Eldar,Common,"Attach to an army unit you control.
Each non-Elite army unit dealt damage by attached unit's attack cannot ready this phase.",Wargear. Weapon.,Attachment,Electrocorrosive_Whip,1,-1,-1,-1,1,Death World Cycle,Slash and Burn,,3
563,Masked Hunter,Dark Eldar,Common,"Reaction: After you declare this unit as an attacker, move a Khymera token from an adjacent planet to this planet.",Warrior. Beastmaster.,Army,Masked_Hunter,3,1,2,3,0,Death World Cycle,Searching for Truth,,3
564,Run Down,Dark Eldar,Common,"Deep Strike (0).
Reaction: After you Deep Strike this event, target a non-Elite army unit in your opponent's HQ. Move the targeted unit to this planet.",Tactic.,Event,Run_Down,-1,-1,-1,-1,1,Death World Cycle,Searching for Truth,Deep Strike.,3
565,Kabalite Blackguard,Dark Eldar,Loyal,"Reaction: After you win a battle at this planet, take up to 2 RESOURCE from your opponent.",Warrior. Kabalite.,Army,Kabalite_Blackguard,2,0,2,3,0,Death World Cycle,Against the Great Enemy,,3
566,Abomination Workshop,Dark Eldar,Common,Headquarters Action: Sacrifice this support to have each player discard cards from his hand until he has cards equal to or less than the highest printed cost among units he controls.,Location.,Support,Abomination_Workshop,2,-1,-1,-1,0,Death World Cycle,Against the Great Enemy,,3
567,Beastmaster Harvester,Dark Eldar,Common,"Deep Strike (4).
Reaction: After you Deep Strike this unit, put 2 Khymera tokens into play at this planet.",Warrior. Beastmaster. Elite.,Army,Beastmaster_Harvester,5,2,2,5,0,Death World Cycle,The Warp Unleashed,Deep Strike.,3
568,Hydrae Stalker,Dark Eldar,Common,"Reaction: After you deploy this unit, deal 2 damage to a target unit with printed cost 2 or lower.",Warrior. Wych. Raider.,Army,Hydrae_Stalker,3,0,2,3,0,Death World Cycle,The Warp Unleashed,,3
569,Arrogant Haemonculus,Dark Eldar,Loyal,"Increase the cost of each other Haemonculus unit deployed at this planet by 1.
Forced Reaction: After you play a Torture card, deal 1 damage to a target non-warlord unit at this planet.",Scholar. Haemonculus.,Army,Arrogant_Haemonculus,1,1,1,1,0,Navida Prime Cycle,Breaching the Veil,,3
570,Connoisseur of Terror,Dark Eldar,Loyal,"Deep Strike (2).
Reaction: After this unit is turned face-up, draw 2 cards.",Scholar. Haemonculus.,Army,Connoisseur_of_Terror,2,1,2,2,0,Confrontation Cycle,By Imperial Decree,Deep Strike.,3
571,Dark Lance Raider,Dark Eldar,Common,"No Wargear Attachments. Flying.
Reaction: After this unit is declared as an attacker, choose either to deal 1 damage to up to 2 different enemy units at this planet or 3 damage to an enemy unit at this planet.",Vehicle. Raider. Kabalite.,Army,Dark_Lance_Raider,3,1,0,2,0,Navida Prime Cycle,Breaching the Veil,No Wargear Attachments.Flying.,3
572,Distorted Talos,Dark Eldar,Loyal,"Lumbering.
Interrupt: When you use a shield card on this unit, remove all damage from it. (Limit once per phase.)",Abomination. Creature. Elite.,Army,Distorted_Talos,3,1,5,4,0,Chronicles of Heroes,Chronicles of Heroes,Lumbering.,3
573,Kabal of the Ebon Law,Dark Eldar,Loyal,"This unit gets +1 ATK while it is not at the first planet.
Forced Reaction: After a battle starts at this planet, each player controlling a unit with 2 ATK or more, draws a card.",Kabalite.,Army,Kabal_of_the_Ebon_Law,2,1,2,2,0,Bloodied Path Cycle,For the Enclaves,,3
574,Mindless Pain Addict,Dark Eldar,Common,"Cannot retreat or be Routed.
Reaction: After an army unit you control at this planet is destroyed, take control of this unit. Any player may use this ability.",Creature. Abomination.,Army,Mindless_Pain_Addict,2,0,4,4,0,Navida Prime Cycle,Enemy Territory,,3
575,Pain Crafter,Dark Eldar,Loyal,"Reaction: After you play a Dark Eldar event card, exhaust this unit to attach that event card to a Dark Eldar unit as a Wargear attachment with the text ""Attach to an army unit. Attached unit gets +1 ATK and +1 HP."". (Limit once per phase.)",Scholar. Haemonculus.,Army,Pain_Crafter,2,1,1,2,0,Navida Prime Cycle,Aligned Stars,,3
576,Raiding Kabal,Dark Eldar,Loyal,"This unit gets Sweep (1) while it is not at the first planet.
Reaction: After you win a battle at this planet, put a Khymera token into play at this planet.",Kabalite.,Army,Raiding_Kabal,2,1,1,2,0,Bloodied Path Cycle,The Shadow in the Warp,,3
577,The Shadow Suit,Dark Eldar,Loyal,"Deep Strike (0).
Attach to an army unit.
Attached unit gets +2 ATK and +1 HP.
Interrupt: When attached unit leaves play, put this card in reserve at a planet. Your opponent may exhaust a unit at that planet to cancel this effect.",Wargear. Weapon.,Attachment,The_Shadow_Suit,2,-1,-1,-1,2,Defenders of the Faith,Defenders of the Faith,Deep Strike.Unique.,3
578,Torturer's Masks,Dark Eldar,Loyal,"Ambush.
Attach to an army unit. Attached unit gets +1 ATK and +1 HP.
Reaction: After you use a shield card, if you have no cards in hand, exhaust this attachment to draw a card.",Wargear.,Attachment,Torturer's_Masks,1,-1,-1,-1,2,Navida Prime Cycle,Aligned Stars,Ambush.,3
579,Catatonic Pain,Dark Eldar,Common,"Reaction: After an enemy army unit enters play at a planet, move that unit to an adjacent planet of your choice.",Torture.,Event,Catatonic_Pain,3,-1,-1,-1,1,Navida Prime Cycle,Promise of War,,3
580,Supply Line Incursion,Dark Eldar,Common,"Action: Exhaust target support. Then, if that support is a Limited card, draw one card and gain 1 RESOURCE.",Tactic.,Event,Supply_Line_Incursion,1,-1,-1,-1,1,Navida Prime Cycle,Enemy Territory,,3
581,Prophets of Flesh,Dark Eldar,Loyal,"Interrupt: When you deploy an Abomination or Scholar unit, exhaust this support to reduce its cost by 1.",Pledge.,Support,Prophets_of_Flesh,1,-1,-1,-1,0,Chronicles of Heroes,Chronicles of Heroes,Preparation.,1
582,The Broken Sigil,Dark Eldar,Loyal,"Target a non-first planet and choose a secret number while deploying this card.
Forced Interrupt: When that planet is captured, reveal the secret number, if it is odd the capturing player must sacrifice a unit, otherwise they may draw 3 cards.",Pledge.,Support,The_Broken_Sigil,1,-1,-1,-1,0,Chronicles of Heroes,Chronicles of Heroes,Preparation.,1
583,The Flayed Mask,Dark Eldar,Loyal,"Secretly choose a non-first planet when you deploy this support.
Interrupt: When your opponent captures the chosen planet, reveal your choice to have them choose either to: deal 5 indirect damage among units they control, sacrifice a unit or forgo the capture.",Pledge.,Support,The_Flayed_Mask,1,-1,-1,-1,0,Chronicles of Heroes,Chronicles of Heroes,Preparation.,1
584,Willing Submission,Dark Eldar,Loyal,"Forced Reaction: After the deploy phase begins, draw 1 card. Then your opponent may choose 2 units he controls (or his warlord if he controls no other unit) to draw 1 card. You may deal 1 damage to one of the chosen units.",Torture.,Support,Willing_Submission,1,-1,-1,-1,0,Confrontation Cycle,The Laughing God,,3
585,Liatha,Dark Eldar,Signature,"Cards in your hand may be used as shield cards with 2 shield icons. When you use a card this way, remove it from the game face-down. As an interrupt your opponent may have you turn the card face-up, if it is a card with 2 printed shield icons, deal 1 unpreventable damage to a unit. If not, cancel that card's shielding effect. (Limit three times per phase.)",Assassin. Wych.,Warlord,Liatha,-1,-1,2,7,0,Navida Prime Cycle,Overrun,Unique.,1
586,Cloak of Shade,Dark Eldar,Signature,"Attach to your warlord.
Each unit at this planet loses Armorbane.
Forced Interrupt: When you use a card as a shield card, exhaust this attachment to have it gain 1 shield icon.",Wargear.,Attachment,Cloak_of_Shade,1,-1,-1,-1,3,Navida Prime Cycle,Overrun,,1
587,Liatha's Retinue,Dark Eldar,Signature,"Reaction: After this unit is turned face-up, put it into play exhausted at a planet where no battle is taking place.",Assassin. Warrior. Creature.,Army,Liatha's_Retinue,3,1,3,2,0,Navida Prime Cycle,Overrun,,4
588,Reveal The Blade,Dark Eldar,Signature,"As an additional cost to target this support, discard two cards at random from your hand.
Combat Action: Exhaust this support and turn face-up a face-down card with no printed shield you removed from the game to give an army unit +2 ATK for its next attack this phase.",Skill.,Support,Reveal_The_Blade,1,-1,-1,-1,0,Navida Prime Cycle,Overrun,,1
589,Shadow Hunt,Dark Eldar,Signature,"Reaction: After your opponent passes during the deploy phase, put a face-down, non-Elite Dark Eldar unit you removed from the game into play face-up at a target planet.",Tactic.,Event,Shadow_Hunt,1,-1,-1,-1,1,Navida Prime Cycle,Overrun,,2
590,Yvraine,Dark Eldar,Signature,"You cannot include Chaos Elite units in your deck.
Reaction: After this unit commits to a planet, a non-Elite army unit at an adjacent planet gains +1 ATK and +1 HP. It is considered to be a warlord while checking for a battle at that planet this round.",Herald of Ynnead.,Warlord,Yvraine,-1,-1,2,7,0,Confrontation Cycle,The Laughing God,Unique.,1
591,Attuned Gyrinx,Dark Eldar,Signature,"Attach to your warlord.
Attached unit gets +1 HP.
Combat Action: Exhaust this attachment to give an army unit you control at each adjacent planet +1 ATK and +1 HP until the end of the phase.",Familiar.,Attachment,Attuned_Gyrinx,1,-1,-1,-1,3,Confrontation Cycle,The Laughing God,,1
592,Host of the Emissary,Dark Eldar,Signature,"Reaction: After your opponent wins a battle, exhaust this support to have your opponent sacrifice an army unit at that planet, if able.",Warhost.,Support,Host_of_the_Emissary,3,-1,-1,-1,0,Confrontation Cycle,The Laughing God,,1
593,Triumvirate of Ynnead,Dark Eldar,Signature,"The effects of this event cannot be cancelled.
Deploy Action: Deploy 2 non-Elite units with a different name from your discard pile at 2 different planets. Reduce their cost by 1.",Prophecy.,Event,Triumvirate_of_Ynnead,0,-1,-1,-1,1,Confrontation Cycle,The Laughing God,,2
594,Yvraine's Entourage,Dark Eldar,Signature,"Reaction: After a battle begins at this planet, switch the printed ATK values of two army units at this planet until the end of a combat round.",Warrior.,Army,Yvraine's_Entourage,2,1,2,2,0,Confrontation Cycle,The Laughing God,,4
595,Kariaq Dreadking,Dark Eldar,Signature,"You can include common and loyal events from any faction on the Alignment wheel but can only have one copy of any event. Your units are considered to be of the faction of an event while you play it.
Reaction: After you play an event, draw a card. (Limit once per round)",Warrior. Archon.,Warlord,Kariaq_Dreadking,-1,-1,2,6,0,Bloodied Path Cycle,Last Stand,Unique.,1
596,Kariaq's Inner Circle,Dark Eldar,Signature,"While at the first planet, this unit gets +1 ATK and +1 HP.
Reaction: After you deploy this unit at the last planet, gain 1 resource.",Warrior.,Army,Kariaq's_Inner_Circle,2,1,2,2,0,Bloodied Path Cycle,Last Stand,,4
597,Webway Schemes,Dark Eldar,Signature,"Deep Strike (0).
Reaction: After you Deep Strike this event, place a Khymera token into play at this planet. Then you may switch location between that token and your warlord.",Tactic.,Event,Webway_Schemes,-1,-1,-1,-1,1,Bloodied Path Cycle,Last Stand,Deep Strike.,2
598,The Silent Eye,Dark Eldar,Signature,"Attach to a planet.
Reaction: After the combat phase begins, return this attachment to your hand, if there is an enemy warlord at this planet, draw a card.",Patrol. Vehicle.,Attachment,The_Silent_Eye,0,-1,-1,-1,3,Bloodied Path Cycle,Last Stand,,1
599,Grand Schemes,Dark Eldar,Signature,This support is considered to be The Broken Sigil and The Flayed Mask.,Pledge.,Support,Grand_Schemes,1,-1,-1,-1,0,Bloodied Path Cycle,Last Stand,Preparation.,1
600,Eldorath Starbane,Eldar,Signature,"Reaction: After this warlord commits to a planet, exhaust a target non-warlord unit at that planet.",Psyker. Alaitoc.,Warlord,Eldorath_Starbane,-1,-1,1,7,0,Core Set,Core Set,Unique.,1
601,Starbane's Council,Eldar,Signature,This unit gets +2 ATK while attacking an exhausted unit.,Psyker. Alaitoc.,Army,Starbane's_Council,3,1,3,3,0,Core Set,Core Set,,4
602,Alaitoc Shrine,Eldar,Signature,"Reaction: After an Eldar unit moves to a planet, exhaust this support to ready that unit.",Location. Alaitoc.,Support,Alaitoc_Shrine,1,-1,-1,-1,0,Core Set,Core Set,,1
603,Foresight,Eldar,Signature,"Reaction: After your warlord commits to a planet, commit it to a different planet.",Power.,Event,Foresight,1,-1,-1,-1,1,Core Set,Core Set,,2
604,Mobility,Eldar,Signature,"Attach to an army unit.
Attached unit gains Mobile.",Skill.,Attachment,Mobility,0,-1,-1,-1,3,Core Set,Core Set,,1
605,Biel-Tan Guardians,Eldar,Loyal,,Warrior. Biel-Tan. Ally.,Army,Biel-Tan_Guardians,1,2,1,1,0,Core Set,Core Set,,3
606,Altansar Rangers,Eldar,Common,Ranged.,Scout. Altansar.,Army,Altansar_Rangers,3,2,2,2,0,Core Set,Core Set,Ranged.,3
607,Eldar Survivalist,Eldar,Common,+1 resource and +1 card when command struggleis won at this planet.,Scout. Ally.,Army,Eldar_Survivalist,2,1,0,2,0,Core Set,Core Set,,3
608,Wildrider Squadron,Eldar,Common,"No Wargear Attachments.
Combat Action: Move this unit to an adjacent planet. (Limit once per phase.)",Vehicle. Saim-Hann.,Army,Wildrider_Squadron,4,1,3,4,0,Core Set,Core Set,No Wargear Attachments.,3
609,Soaring Falcon,Eldar,Common,"No Wargear Attachments.
Mobile.",Vehicle.,Army,Soaring_Falcon,3,2,1,5,0,Core Set,Core Set,Mobile.No Wargear Attachments.,3
610,Wailing Wraithfighter,Eldar,Loyal,"No Wargear Attachments.
Flying.
Reaction: After this unit is declared as an attacker, your opponent must choose and discard 1 card from his hand, if able.",Vehicle. Spirit. Elite.,Army,Wailing_Wraithfighter,6,2,3,5,0,Core Set,Core Set,No Wargear Attachments.Flying.,3
611,Iyanden Wraithguard,Eldar,Loyal,Armorbane.,Drone. Spirit. Iyanden.,Army,Iyanden_Wraithguard,3,1,4,2,0,Core Set,Core Set,Armorbane.,3
612,Shrouded Harlequin,Eldar,Common,"Interrupt: When this unit is destroyed, exhaust a target enemy unit at a planet of your choice.",Warrior. Harlequin.,Army,Shrouded_Harlequin,2,1,2,1,0,Core Set,Core Set,,3
613,Swordwind Farseer,Eldar,Loyal,"Reaction: After this unit enters play, search the top 6 cards of your deck for a card. Add it to your hand, and place the remaining cards on the bottom of your deck in any order.",Psyker. Biel-Tan.,Army,Swordwind_Farseer,3,1,2,2,0,Core Set,Core Set,,3
614,Silvered Blade Avengers,Eldar,Common,"Reaction: After this unit is declared as an attacker against a non-warlord unit, exhaust that unit.",Warrior.,Army,Silvered_Blade_Avengers,4,1,1,4,0,Core Set,Core Set,,3
615,Biel-Tan Warp Spiders,Eldar,Common,"Reaction: After this unit is declared as an attacker, look at the top 2 cards of any player's deck. You may discard 1 of those cards.",Warrior. Biel-Tan.,Army,Biel-Tan_Warp_Spiders,2,1,1,3,0,Core Set,Core Set,,3
616,Spiritseer Erathal,Eldar,Loyal,"Reaction: After this unit is declared as an attacker, remove 1 damage from another target at this planet.",Psyker. Saim-Hann.,Army,Spiritseer_Erathal,3,2,2,3,0,Core Set,Core Set,Unique.,3
617,Superiority,Eldar,Common,"Interrupt: When a command struggle at a planet begins, a target army unit at that planet loses all command icons until the end of that command struggle.",Tactic.,Event,Superiority,1,-1,-1,-1,1,Core Set,Core Set,,3
618,Nullify,Eldar,Common,"Interrupt: When your opponent plays an event card, exhaust a unique Eldar unit to cancel its effects.",Power.,Event,Nullify,0,-1,-1,-1,1,Core Set,Core Set,,3
619,Doom,Eldar,Common,Deploy Action: Destroy each non-unique unit at each player's HQ.,Power.,Event,Doom,4,-1,-1,-1,1,Core Set,Core Set,,3
620,Gift of Isha,Eldar,Loyal,"Action: Put the topmost Eldar unit from your discard pile into play at a planet. If that unit is still in play at the end of the phase, discard it.",Power. Blessing.,Event,Gift_of_Isha,2,-1,-1,-1,2,Core Set,Core Set,,3
621,Banshee Power Sword,Eldar,Common,"Attach to an army unit.
Attached unit gets +1 ATK.
Interrupt: When attached unit declares an attack against a non-warlord unit, discard X cards from your hand to give attached unit +X ATK for that attack.",Wargear. Weapon.,Attachment,Banshee_Power_Sword,1,-1,-1,-1,1,Core Set,Core Set,,3
622,Corsair Trading Port,Eldar,Common,"Limited.
Interrupt: When you deploy an Eldar unit, exhaust this support to reduce that unit's cost by 1.",Location.,Support,Corsair_Trading_Port,1,-1,-1,-1,0,Core Set,Core Set,Limited.Unique.,3
623,Craftworld Gate,Eldar,Loyal,Action: Exhaust this support to return a target army unit you control to your hand.,Location.,Support,Craftworld_Gate,1,-1,-1,-1,0,Core Set,Core Set,,3
624,Autarch Celachia,Eldar,Loyal,"Action: Pay 1 to give this unit one of the following keywords until the end of the round (choose one): Area Effect (1), Armorbane, or Mobile. (Limit once per round.)",Warrior. Autarch. Ulthwé.,Army,Autarch_Celachia,4,1,3,3,0,The Great Devourer,The Great Devourer,Unique.,3
625,Subdual,Eldar,Common,Action: Place a target support card or attachment on top of its owner's deck.,Power.,Event,Subdual,2,-1,-1,-1,1,The Great Devourer,The Great Devourer,,3
626,Nightshade Interceptor,Eldar,Common,"Flying.
No Wargear Attachments.
While you control a non-Eldar warlord, this unit gains Area Effect (2).",Vehicle. Elite.,Army,Nightshade_Interceptor,6,2,4,4,0,Legions of Death,Legions of Death,,3
627,Vaulting Harlequin,Eldar,Common,Combat Action: Exhaust this unit to have it gain Flying until the end of the phase.,Warrior. Harlequin.,Army,Vaulting_Harlequin,3,2,1,4,0,Warlord Cycle,The Howl of Blackmane,,3
628,Empower,Eldar,Loyal,"Play only during a battle.
Combat Action: Each Eldar unit you control at a target planet gets +1 ATK and +1HP until the end of the battle.",Power.,Event,Empower,3,-1,-1,-1,2,Warlord Cycle,The Howl of Blackmane,,3
629,Starcannon,Eldar,Common,"Attach to an Eldar Vehicle unit.
Attached unit gains Armorbane.",Hardpoint. Weapon.,Attachment,Starcannon,0,-1,-1,-1,1,Warlord Cycle,The Howl of Blackmane,,3
630,Black Guardians,Eldar,Common,,Warrior. Ulthwé.,Army,Black_Guardians,2,0,2,4,0,Warlord Cycle,The Scourge,,3
631,Death from Above,Eldar,Common,Deploy Action: Put a non-Elite mobile unit into play from your hand at the last planet.,Tactic.,Event,Death_from_Above,1,-1,-1,-1,1,Warlord Cycle,The Scourge,,3
632,Dome of Crystal Seers,Eldar,Loyal,"Interrupt: When you search your deck, search an additional 3 cards.",Location.,Support,Dome_of_Crystal_Seers,1,-1,-1,-1,0,Warlord Cycle,The Scourge,,3
633,Warlock Destructor,Eldar,Common,"Forced Reaction: After the deploy phase begins, pay 1 RESOURCE or discard this unit.",Psyker.,Army,Warlock_Destructor,2,1,3,4,0,Warlord Cycle,Gift of the Ethereals,,3
634,Eldritch Corsair,Eldar,Common,This unit gets +2 ATK while it is at a planet with a warlord.,Warrior. Iyanden.,Army,Eldritch_Corsair,3,1,2,3,0,Warlord Cycle,Gift of the Ethereals,,3
635,Foretell,Eldar,Common,"Interrupt: When a Battle ability triggers, exhaust your warlord to cancel its effects. Then, draw 1 card.",Power. Maneuver.,Event,Foretell,0,-1,-1,-1,1,Warlord Cycle,Gift of the Ethereals,,3
636,Vectored Vyper Squad,Eldar,Loyal,"No Wargear Attachments.
This unit gains Mobile while it is undamaged.",Vehicle. Alaitoc.,Army,Vectored_Vyper_Squad,4,1,3,3,0,Warlord Cycle,Zogwort's Curse,No Wargear Attachments.,3
637,Guardian Mesh Armor,Eldar,Common,"Attach to an Eldar army unit.
Interrupt: When you use a shield card to prevent damage to attached unit, exhaust this attachment to double the nunber of shields on that card.",Wargear. Armor.,Attachment,Guardian_Mesh_Armor,1,-1,-1,-1,1,Warlord Cycle,Zogwort's Curse,,3
638,Mighty Wraithknight,Eldar,Common,"No Wargear Attachments.
Reaction: After this unit enters play, exhaust each non-Spirit unit at this planet.",Vehicle. Spirit. Elite.,Army,Mighty_Wraithknight,6,2,5,5,0,Warlord Cycle,The Threat Beyond,No Wargear Attachments.,3
639,Seer's Exodus,Eldar,Common,Action: Move 1 or more units you control at a planet with your warlord to your HQ.,Power.,Event,Seer's_Exodus,0,-1,-1,-1,1,Warlord Cycle,The Threat Beyond,,3
640,Slumbering Gardens,Eldar,Common,"Interrupt: When an effect would move a unit you control from a planet, exhaust this support to cancel that effect.",Location.,Support,Slumbering_Gardens,1,-1,-1,-1,0,Warlord Cycle,The Threat Beyond,,3
641,Baharroth,Eldar,Signature,Mobile.,Warrior. Phoenix Lord.,Warlord,Baharroth,-1,-1,2,6,0,Warlord Cycle,Descendants of Isha,Mobile.Unique.,1
642,Baharroth's Hawks,Eldar,Signature,"Mobile.
This unit gets +3 ATK while it is at a planet with your warlord.",Warrior.,Army,Baharroth's_Hawks,3,2,0,2,0,Warlord Cycle,Descendants of Isha,Mobile.,4
643,Banner of the Ashen Sky,Eldar,Signature,"Reaction: After a unit moves from one planet to another, exhaust this support to give that unit +2 ATK for its next attack this phase.",Upgrade.,Support,Banner_of_the_Ashen_Sky,1,-1,-1,-1,0,Warlord Cycle,Descendants of Isha,,1
644,The Shining Blade,Eldar,Signature,"Attach to a mobile unit.
Interrupt: When attached unit declares an attack, declare that attack against an enemy unit at an adjacent planet instead.",Relic. Wargear.,Attachment,The_Shining_Blade,1,-1,-1,-1,3,Warlord Cycle,Descendants of Isha,Unique.,1
645,Cry of the Wind,Eldar,Signature,"Reaction: After a unit moves from one planet to another, move that unit to an adjacent planet.",Tactic.,Event,Cry_of_the_Wind,0,-1,-1,-1,1,Warlord Cycle,Descendants of Isha,,2
646,Prophetic Farseer,Eldar,Common,"Reaction: After you deploy this unit, look at the top 3 cards of your opponent's deck. Discard any number of those cards with 1 or more shield icons and place the remaining cards on top of his deck in any order.",Psyker. Saim-Hann.,Army,Prophetic_Farseer,3,1,2,4,0,Planetfall Cycle,Decree of Ruin,,3
647,Wraithguard Revenant,Eldar,Common,"Interrupt: When you win a command struggle at a Strongpoint planet (green), put this unit into play from your discard pile or hand at that planet instead of taking the planet's card and resource bonuses.",Drone. Spirit.,Army,Wraithguard_Revenant,2,0,3,2,0,Planetfall Cycle,Decree of Ruin,,3
648,Deathly Web Shrine,Eldar,Loyal,"Combat Action: After you move a unit you control from one planet to another, exhaust this support to exhaust a non-Elite army unit at the same planet as the unit just moved.",Location.,Support,Deathly_Web_Shrine,2,-1,-1,-1,0,Planetfall Cycle,Decree of Ruin,Unique.,3
649,Dire Avenger Exarch,Eldar,Loyal,"A Warrior unit you control at this planet must be declared as a defender, if able.",Warrior.,Army,Dire_Avenger_Exarch,3,1,2,4,0,Planetfall Cycle,Boundless Hate,,3
650,Mind War,Eldar,Common,Action: Exhaust a target non-Elite army unit at a planet with a Psyker army unit you control.,Power.,Event,Mind_War,1,-1,-1,-1,1,Planetfall Cycle,Boundless Hate,,3
651,Fire Prism,Eldar,Loyal,"No Wargear Attachments.
Ranged.
Reaction: After this unit damages an army unit by an attack, exhaust a target enemy army unit at this planet.",Vehicle. Tank. Elite.,Army,Fire_Prism,6,3,3,7,0,Planetfall Cycle,Deadly Salvage,No Wargear Attachments.Ranged.,3
652,Saim-Hann Jetbike,Eldar,Loyal,"Attach to an army unit you control.
Limit 1 per unit.
Combat Action: Exhaust this attachment to move attached unit to a planet with a type shared with this planet. Then, deal 1 damage to an army unit at this planet.",Wargear. Vehicle. Saim-Hann.,Attachment,Saim-Hann_Jetbike,2,-1,-1,-1,2,Planetfall Cycle,Deadly Salvage,,3
653,Wildrider Vyper,Eldar,Common,"No Wargear Attachments.
Mobile.
Reaction: After another unit moves from this planet to another planet, move this unit to that planet.",Vehicle. Saim-Hann. Elite.,Army,Wildrider_Vyper,5,2,5,4,0,Planetfall Cycle,What Lurks Below,Mobile.,3
654,Bonesinger Choir,Eldar,Common,"Limited.
Interrupt: When you deploy an Vehicle or Drone unit, exhaust this support to reduce its cost by 2 (to a minimum of 1).",Upgrade.,Support,Bonesinger_Choir,2,-1,-1,-1,0,Planetfall Cycle,What Lurks Below,Limited.,3
655,Saim-Hann Kinsman,Eldar,Common,While this unit is at a Strongpoint planet (green) it gets +1 ATK and +1 HP.,Scout. Saim-Hann. Ally.,Army,Saim-Hann_Kinsman,1,1,1,1,0,Planetfall Cycle,Wrath of the Crusaders,,3
656,Eldritch Storm,Eldar,Common,Combat Action: Target up to 1 enemy unit at each Strongpoint planet (green). Deal 2 damage to each targeted unit.,Power.,Event,Eldritch_Storm,2,-1,-1,-1,1,Planetfall Cycle,Wrath of the Crusaders,,3
657,Shuriken Catapult,Eldar,Common,"Ambush.
Attach to a Warrior army unit.
Attached unit gets +3 ATK.",Wargear. Weapon.,Attachment,Shuriken_Catapult,2,-1,-1,-1,1,Planetfall Cycle,Wrath of the Crusaders,Ambush.,3
658,Talyesin Fharenal,Eldar,Signature,"Each unit you control at this planet with the Psyker or Warrior trait gets +1 HP.
While you control a Psyker unit and a Warrior unit at this planet, each unit you control at this planet with the Psyker or Warrior trait gets +1 ATK.
",Autarch. Saim-Hann.,Warlord,Talyesin_Fharenal,-1,-1,2,6,0,Planetfall Cycle,The Final Gambit,Unique.,1
659,Talyesin's Spiders,Eldar,Signature,"Reaction: After a Psyker unit you control is declared as an attacker, move this unit to the same planet as that unit.",Warrior. Saim-Hann.,Army,Talyesin's_Spiders,2,1,2,3,0,Planetfall Cycle,The Final Gambit,,2
660,Talyesin's Warlocks,Eldar,Signature,Combat Action: Discard a Warrior card from your hand to ready this unit. (Limit once per combat round.),Psyker. Saim-Hann.,Army,Talyesin's_Warlocks,3,1,3,2,0,Planetfall Cycle,The Final Gambit,,2
661,Wisdom of the Serpent,Eldar,Signature,"Headquarters Action: Exhaust this support to choose Psyker or Warrior. Then, search the top 3 cards of your deck for a unit with the chosen Trait. Reveal it, add it to your hand, and place the remaining cards on the bottom of your deck in any order.",Upgrade.,Support,Wisdom_of_the_Serpent,1,-1,-1,-1,0,Planetfall Cycle,The Final Gambit,,1
662,Path of the Leader,Eldar,Signature,"Action: Either (choose one): gain 1 RESOURCE, have a Warrior unit you control get +1 ATK until the end of the phase, or exhaust a Psyker unit you control to move it from one planet to another.",Tactic.,Event,Path_of_the_Leader,0,-1,-1,-1,1,Planetfall Cycle,The Final Gambit,,2
663,Autarch Powersword,Eldar,Signature,"Attach to a unit you control.
Attached unit gets +1 ATK and +1 HP.
If attached unit is an army unit, it gains the Warrior and Psyker traits.",Wargear. Weapon.,Attachment,Autarch_Powersword,1,-1,-1,-1,3,Planetfall Cycle,The Final Gambit,,1
664,Seer Adept,Eldar,Common,"Reaction: After the command phase begins, look at a target card your opponent controls in reserve.",Psyker.,Army,Seer_Adept,3,1,2,4,0,Death World Cycle,Jungles of Nectavus,,3
665,Furious Wraithblade,Eldar,Common,"Reaction: After this unit resolves an attack, ready it. (Limit once per phase.)",Drone. Spirit.,Army,Furious_Wraithblade,3,0,3,3,0,Death World Cycle,Jungles of Nectavus,,3
666,Hidden Strike Chainsword,Eldar,Common,"Deep Strike (0).
Attach to an army unit you control.
While attacking a non-Warlord unit, attached unit gets +2 ATK.",Wargear. Weapon.,Attachment,Hidden_Strike_Chainsword,1,-1,-1,-1,1,Death World Cycle,Jungles of Nectavus,Deep Strike.,3
667,Adherent Outcast,Eldar,Common,Each Elite unit you control at this planet gains Flying.,Scout.,Army,Adherent_Outcast,2,0,1,3,0,Death World Cycle,Unforgiven,,3
668,Concealing Darkness,Eldar,Common,"Deep Strike (1).
Reaction: After you Deep Strike this event, you may deploy each unit in your hand at this planet as though it had Ambush until the end of the phase.",Power.,Event,Concealing_Darkness,-1,-1,-1,-1,1,Death World Cycle,Unforgiven,Deep Strike.,3
669,War Walker Squadron,Eldar,Common,"No Wargear Attachments.
Reaction: After this unit is chosen as a defender, exhaust a Hardpoint attachment on it to cancel that attack.",Vehicle. Elite.,Army,War_Walker_Squadron,5,1,4,3,0,Death World Cycle,Slash and Burn,No Wargear Attachments.,3
670,Phoenix Attack Fighter,Eldar,Loyal,"Flying. No Wargear Attachments.
Reaction: After units are committed to this planet, deal 3 damage to an exhausted enemy unit at this planet.",Vehicle. Elite.,Army,Phoenix_Attack_Fighter,6,1,2,6,0,Death World Cycle,Slash and Burn,No Wargear Attachments.Flying.,3
671,Webway Passage,Eldar,Loyal,Deploy Action: Exhaust this support to switch the locations of two target army units you control.,Upgrade.,Support,Webway_Passage,1,-1,-1,-1,0,Death World Cycle,Slash and Burn,,3
672,Shrieking Exarch,Eldar,Common,"Reaction: After an army unit is destroyed at this planet, draw 1 card and deal 1 damage to a target enemy unit.",Warrior. Elite.,Army,Shrieking_Exarch,5,2,4,6,0,Death World Cycle,Searching for Truth,,3
673,Ulthwé Spirit Stone,Eldar,Common,"Attach to an army unit you control.
Interrupt: When attached unit would be destroyed, return it to your hand instead.",Wargear. Ulthwé.,Attachment,Ulthwé_Spirit_Stone,0,-1,-1,-1,1,Death World Cycle,Searching for Truth,,3
674,Jain Zar,Eldar,Signature,"Interrupt: When your opponent targets a unit you control at this planet with a triggered effect, cancel that effect. (Limit once per round.)",Phoenix Lord. Warrior.,Warlord,Jain_Zar,-1,-1,2,6,0,Death World Cycle,Against the Great Enemy,Unique.,1
675,Banshee Assault Squad,Eldar,Signature,"Reaction: After you cancel a card effect, put this unit into play from you hand at a planet.",Warrior.,Army,Banshee_Assault_Squad,2,1,2,2,0,Death World Cycle,Against the Great Enemy,,4
676,Intercept,Eldar,Signature,"Reaction: After your opponent targets a single unit with a card effect, exhaust this support to change the target of that effect to a target unit you control (ignoring targeting restrictions).",Upgrade.,Support,Intercept,2,-1,-1,-1,0,Death World Cycle,Against the Great Enemy,,1
677,Storm of Silence,Eldar,Signature,"Interrupt: When a card effect targets a unit, cancel that effect. If the targeted unit was a unit you control, ready your warlord.",Power.,Event,Storm_of_Silence,2,-1,-1,-1,1,Death World Cycle,Against the Great Enemy,,2
678,The Mask of Jain Zar,Eldar,Signature,"Attach to your warlord.
After an enemy unit at this planet triggers an ability, deal 1 damage to that unit.",Wargear. Relic.,Attachment,The_Mask_of_Jain_Zar,1,-1,-1,-1,3,Death World Cycle,Against the Great Enemy,Unique.,1
679,Scorpion Striker,Eldar,Common,"Deep Strike (2).
Reaction: After you Deep Strike this unit, exhaust a target non-Elite army unit at this planet.",Warrior.,Army,Scorpion_Striker,4,1,3,3,0,Death World Cycle,The Warp Unleashed,Deep Strike.,3
680,Piercing Wail,Eldar,Common,Deploy Action: Exhaust up to 2 units each with printed cost X or lower. X is equal to the highest printed cost among units you control.,Power.,Event,Piercing_Wail,4,-1,-1,-1,1,Death World Cycle,The Warp Unleashed,,3
681,Cegorach's Jesters,Eldar,Loyal,"Reaction: After a battle at this planet begins, your opponent may reveal any number of cards from him hand. He cannot use unrevealed event or attachment cards as shield cards during this battle.",Psyker. Harlequin.,Army,Cegorach's_Jesters,2,1,2,2,0,Navida Prime Cycle,Overrun,,3
682,Evanescent Players,Eldar,Loyal,"Deep Strike (1).
Interrupt: When this unit is assigned damage by an enemy army unit, prevent all but 2 of that damage. Then deal damage to that unit damage equal to the damage prevented. (Limit once per phase.)",Psyker. Harlequin.,Army,Evanescent_Players,2,1,2,2,0,Defenders of the Faith,Defenders of the Faith,Deep Strike.,3
683,Luring Troupe,Eldar,Loyal,"Reaction: After you deploy this unit, move a target army unit at this planet to an adjacent planet. At the end of next phase, move that unit back to this planet, if able.",Psyker. Harlequin.,Army,Luring_Troupe,2,1,3,2,0,Navida Prime Cycle,Aligned Stars,,3
684,Noble Shining Spears,Eldar,Common,"Mobile.
This unit gets +3 ATK while attacking an undamaged unit.
Reaction: After a Mobile unit you control is assigned damage at this planet, reassign 1 of that damage to this unit.",Warrior. Hero.,Army,Noble_Shining_Spears,4,2,0,4,0,Navida Prime Cycle,Promise of War,Mobile.,3
685,Phantasmatic Masque,Eldar,Loyal,"This unit gets +1 ATK for each remaining HP.
Reaction: After an attack against this unit resolves, exhaust this unit to deal 2 damage to the attacker. (Limit once per phase.)",Warrior. Harlequin.,Army,Phantasmatic_Masque,2,1,0,3,0,Confrontation Cycle,By Imperial Decree,,3
686,Scheming Warlock,Eldar,Loyal,"Reaction: After you deploy this unit, look at the top 3 cards of your deck for a card with the Deep Strike keyword. Reveal it, and add it to your hand. Then, put each remaining card on the bottom of your deck in any order.",Psyker.,Army,Scheming_Warlock,3,1,2,3,0,Navida Prime Cycle,Breaching the Veil,,3
687,Close Quarters Doctrine,Eldar,Common,"Deep Strike (0).
Attach to a planet. Limit 1 per planet.
Each unit with a printed cost 3 or higher at this planet gets -1 ATK.
Reaction: After a battle end at this planet, draw a card.",Tactic.,Attachment,Close_Quarters_Doctrine,1,-1,-1,-1,1,Confrontation Cycle,The Laughing God,Deep Strike.,3
688,Flickering Holosuit,Eldar,Common,"Attach to an army unit.
Attached unit gets +1 HP.
Forced Interrupt: When attaced unit is assigned damage, exhaust this attachment to prevent 2 of that damage. If this attachment was already exhausted, ready it instead.",Wargear. Armor.,Attachment,Flickering_Holosuit,1,-1,-1,-1,1,Navida Prime Cycle,Aligned Stars,,3
689,Warhost Helmet,Eldar,Loyal,"Attach to a Saim-Hann unit. Limit 1 per unit.
Attached unit gets +2 HP.
Reaction: After attached unit is assigned damage, exhaust it and this attachment to prevent all of that damage. Then attached unit gets +1 ATK for its next attack this phase.",Wargear.,Attachment,Warhost_Helmet,0,-1,-1,-1,2,Confrontation Cycle,A Mask Falls Off,,3
690,Clash of Wings,Eldar,Common,"Combat Action: Target a planet with your warlord. Until the end of the combat round, each Mobile unit you control at that planet gains Flying.",Tactic.,Event,Clash_of_Wings,1,-1,-1,-1,1,Navida Prime Cycle,Promise of War,,3
691,Lost in the Webway,Eldar,Loyal,Combat Action: Either (choose one): Switch the location of two Harlequin units you control or your opponent must switch the location of two army units he controls.,Power. Harlequin.,Event,Lost_in_the_Webway,1,-1,-1,-1,2,Navida Prime Cycle,Enemy Territory,,3
692,The Dance Without End,Eldar,Loyal,"Reaction: After a Harlequin unit enters your discard pile from a planet, return it to your hand to deploy a Harlequin unit with a different name at the same planet.",Power.,Event,The_Dance_Without_End,1,-1,-1,-1,2,Confrontation Cycle,The Laughing God,,3
693,Theater of War,Eldar,Loyal,"Play only if an enemy warlord is ready.
Command Action: Exhaust your warlord to trigger the Battle ability of a target planet. Then your opponent may exhaust his warlord to trigger the Battle ability of another planet.",Power. Harlequin.,Event,Theater_of_War,1,-1,-1,-1,1,Navida Prime Cycle,Overrun,,3
694,Children of the Stars,Eldar,Common,"Reaction: After you deploy a Wargear attachment, put a token on this support. Then if there are 3 tokens or more on this support, Rally 6 an attachment, add it to your hand.",Pledge.,Support,Children_of_the_Stars,0,-1,-1,-1,0,Chronicles of Heroes,Chronicles of Heroes,Preparation.,1
695,Followers of Asuryan,Eldar,Loyal,"While there are 4 tokens on this support, you may deploy a unit with printed cost 3 or lower from your hand at a non-first planet as though it had ambush. (Limit once per phase.)
Reaction: After you Deep Strike or Ambush, put a token on this support.",Pledge.,Support,Followers_of_Asuryan,1,-1,-1,-1,0,Chronicles of Heroes,Chronicles of Heroes,Preparation.,1
696,Ghosts of Cegorach,Eldar,Loyal,"While each unit you control has the Harlequin trait, your warlord gets +3 HP.
Reaction: After a Harlequin unit is assigned damage at the same planet as your warlord, exhaust this support to reassign 1 of that damage to your warlord.",Pledge.,Support,Ghosts_of_Cegorach,0,-1,-1,-1,0,Chronicles of Heroes,Chronicles of Heroes,Preparation.,1
697,Wraithbone Armour,Eldar,Loyal,"Units you control with a printed ATK of 0 get +1 HP.
Combat Action: Exhaust this support to move 1 damage from a target enemy unit at a planet with a unit you control with a printed ATK of 0 to another unit at the same planet.",Upgrade.,Support,Wraithbone_Armour,1,-1,-1,-1,0,Navida Prime Cycle,Breaching the Veil,Unique.,3
698,Farseer Tadheris,Eldar,Signature,"You choose your allied faction as if you were Astra Militarum.
Action: Perform a mulligan with your current hand size. (Limit once per round.)",Psyker. Prophet.,Warlord,Farseer_Tadheris,-1,-1,2,6,0,Bloodied Path Cycle,Herald of the Plague God,Unique.,1
699,Back to the Shadows,Eldar,Signature,"Interrupt: When an army unit you control is assigned damage, return it and each attachment you control on it to your hand. Then draw a card.",Power.,Event,Back_to_the_Shadows,0,-1,-1,-1,1,Bloodied Path Cycle,Herald of the Plague God,,2
700,Elusive Escort,Eldar,Signature,"Reaction: After this unit enters play, draw a card. Then remove from the game facedown a card from your hand. When this unit leaves play, return the facedown card to your hand.",Scout.,Army,Elusive_Escort,2,1,2,3,0,Bloodied Path Cycle,Herald of the Plague God,,4
701,Singing Spear,Eldar,Signature,"Attach to an army unit.
Attached unit gets +2 ATK and +2 HP.
Interrupt: When you perform a mulligan, reveal this card from your hand to move an army unit you control to the last planet.",Wargear.,Attachment,Singing_Spear,0,-1,-1,-1,3,Bloodied Path Cycle,Herald of the Plague God,,1
702,Wisdom of Biel-tan,Eldar,Signature,"Reaction: After you perform a mulligan, draw a card.",Doctrine.,Support,Wisdom_of_Biel-tan,0,-1,-1,-1,0,Bloodied Path Cycle,Herald of the Plague God,,1
703,"Zen ""Xi"" Aonia",Eldar,Signature,"Each unit at this planet loses the Area Effect keyword.
Forced Interrupt: When a unit you control at this planet is chosen as a defender, declare another eligible unit at this planet as the defender instead, if able.",Shadowseer. Harlequin.,Warlord,Zen_Xi_Aonia,-1,-1,2,6,0,Confrontation Cycle,By Imperial Decree,Unique.,1
704,Access to the Black Library,Eldar,Signature,"Deploy Action: Search your deck for 2 cards with a different name. Reveal them, have your opponent choose one, add it to your hand, and shuffle the remaining card in your deck.",Power.,Event,Access_to_the_Black_Library,1,-1,-1,-1,1,Confrontation Cycle,By Imperial Decree,,2
705,Masters of the Webway,Eldar,Signature,"Reaction: After the deploy phase begins, sacrifice this support to have each player exchange their command dial value the next time they reveal their command dial this round",Location.,Support,Masters_of_the_Webway,1,-1,-1,-1,0,Confrontation Cycle,By Imperial Decree,,1
706,Starmist Raiment,Eldar,Signature,"Attach to a Harlequin unit you control.
Interrupt: When damage is assigned to a Harlequin unit you control at this planet, exhaust this attachment to reassign 1 of that damage to another non-warlord unit at this planet.",Wargear. Armor.,Attachment,Starmist_Raiment,1,-1,-1,-1,3,Confrontation Cycle,By Imperial Decree,Unique.,1
707,The Blinded Princess,Eldar,Signature,"Forced Reaction: After this unit enters play, your opponent may exhaust a unit at a planet to move this unit to that planet.",Warrior. Harlequin.,Army,The_Blinded_Princess,1,1,3,3,0,Confrontation Cycle,By Imperial Decree,,1
708,The Dawnsinger,Eldar,Signature,"Reaction: After this unit is destroyed, your opponent must choose to either put 2 cards from his hand on the top of his deck in any order or you draw 2 cards.",Psyker. Harlequin.,Army,The_Dawnsinger,2,1,2,3,0,Confrontation Cycle,By Imperial Decree,,1
709,The Sun Prince,Eldar,Signature,"Interrupt: When this unit leaves play, your opponent must choose, at the same planet, either to exhaust a unit he controls or ready a unit you control.",Warrior. Harlequin.,Army,The_Sun_Prince,2,1,3,2,0,Confrontation Cycle,By Imperial Decree,,1
710,The Webway Witch,Eldar,Signature,"Reaction: After you deploy this unit, the next time your opponent deploys a unit this phase, he must deploy it at this planet, if able.",Psyker. Harlequin.,Army,The_Webway_Witch,2,2,1,2,0,Confrontation Cycle,By Imperial Decree,,1
711,Commander Shadowsun,Tau,Signature,"Reaction: After this warlord commits to a planet, put a Tau attachment with printed cost 2 or lower or ""Shadowsun's Stealth Cadre"" from your hand or discard pile into play attached to an eligible unit at this planet.",Soldier. Shas'o.,Warlord,Commander_Shadowsun,-1,-1,1,7,0,Core Set,Core Set,Unique.,1
712,Shadowsun's Stealth Cadre,Tau,Signature,"This card may enter play as an attachment with the text ""Attach to a non-Vehicle army unit. Attached unit gets +2 ATK and +2 HP.""",Soldier. Pilot.,Army,Shadowsun's_Stealth_Cadre,2,1,2,2,0,Core Set,Core Set,,4
713,Communications Relay,Tau,Signature,"Interrupt: When your opponent triggers an ability that targets a unit you control with 1 or more attachments, exhaust this support to cancel its effects.",Upgrade.,Support,Communications_Relay,1,-1,-1,-1,0,Core Set,Core Set,,1
714,Squadron Redeployment,Tau,Signature,Action: Exhaust an army unit with 1 or more attachments to move it to a target planet.,Tactic.,Event,Squadron_Redeployment,0,-1,-1,-1,1,Core Set,Core Set,,2
715,Command-link Drone,Tau,Signature,"Attach to a unit.
Attached unit gets +1 ATK.
Action: Pay 1 RESOURCE to attach this card to a different unit.",Drone.,Attachment,Command-link_Drone,0,-1,-1,-1,3,Core Set,Core Set,,1
716,Recon Drone,Tau,Loyal,Limited.,Drone. Ally.,Army,Recon_Drone,0,2,0,1,0,Core Set,Core Set,Limited.,3
717,Vior'la Marksman,Tau,Common,Ranged.,Scout. Shas'la.,Army,Vior'la_Marksman,1,1,1,2,0,Core Set,Core Set,Ranged.,3
718,Carnivore Pack,Tau,Common,"Interrupt: When this unit is destroyed, gain 3 RESOURCE.",Warrior. Kroot.,Army,Carnivore_Pack,3,0,3,3,0,Core Set,Core Set,,3
719,Vash'ya Trailblazer,Tau,Common,Mobile.,Scout. Pilot.,Army,Vash'ya_Trailblazer,2,2,1,1,0,Core Set,Core Set,Mobile.,3
720,Fire Warrior Elite,Tau,Common,"Interrupt: When an enemy unit would declare an attack against a unit you control at this planet, declare this unit as the defender instead.",Soldier. Shas'la.,Army,Fire_Warrior_Elite,3,0,1,5,0,Core Set,Core Set,,3
721,Fire Warrior Strike Team,Tau,Common,This unit gets +1 ATK for every attachment on it.,Soldier. Shas'la.,Army,Fire_Warrior_Strike_Team,4,1,1,5,0,Core Set,Core Set,,3
722,Crisis Battle Guard,Tau,Loyal,Mobile.,Soldier. Pilot. Elite.,Army,Crisis_Battle_Guard,5,3,3,5,0,Core Set,Core Set,Mobile.,3
723,Earth Caste Technician,Tau,Common,"Reaction: After this unit enters play, search the top 6 cards of your deck for an attachment or Drone card. Reveal it, add it to your hand, and place the remaining cards on the bottom of your deck in any order.",Scholar. Ally.,Army,Earth_Caste_Technician,1,1,1,1,0,Core Set,Core Set,,3
724,Gun Drones,Tau,Loyal,"You may deploy this card as a Drone attachment with the text, ""Attach to a non-Vehicle army unit.Attached unit gains Area Effect (2).""",Drone.,Army,Gun_Drones,2,1,2,2,0,Core Set,Core Set,,3
725,Stingwing Swarm,Tau,Common,Ranged.,Warrior. Vespid.,Army,Stingwing_Swarm,4,1,3,3,0,Core Set,Core Set,Ranged.,3
726,Fireblade Kais'vre,Tau,Loyal,"Interrupt: When you use a Tau card as a shield card at this planet, it gains 1 shield icon.",Soldier. Hero.,Army,Fireblade_Kais'vre,3,2,2,3,0,Core Set,Core Set,Unique.,3
727,Experimental Devilfish,Tau,Common,"No Wargear Attachments.
Reaction: After this unit commits to a planet, ready it.",Vehicle. Transport.,Army,Experimental_Devilfish,3,1,4,2,0,Core Set,Core Set,No Wargear Attachments.,3
728,Even the Odds,Tau,Common,Action: Move a target attachment to another eligible unit controlled by the same player.,Tactic.,Event,Even_the_Odds,1,-1,-1,-1,1,Core Set,Core Set,,3
729,Calculated Strike,Tau,Common,Action: Destroy a target Limited card.,Tactic.,Event,Calculated_Strike,1,-1,-1,-1,1,Core Set,Core Set,,3
730,Deception,Tau,Loyal,Deploy Action: Return a target non-Elite army unit to its owner's hand.,Tactic.,Event,Deception,2,-1,-1,-1,2,Core Set,Core Set,,3
731,Repulsor Impact Field,Tau,Loyal,"Attach to an army unit.Limit 1 per unit.
Reaction: After attached unit is damaged by an attack, deal 2 damage to the attacker.",Wargear.,Attachment,Repulsor_Impact_Field,2,-1,-1,-1,2,Core Set,Core Set,,3
732,Ion Rifle,Tau,Common,"Attach to an army unit.
Attached unit gets +3 ATK.",Wargear. Weapon.,Attachment,Ion_Rifle,1,-1,-1,-1,1,Core Set,Core Set,,3
733,Frontline Launch Bay,Tau,Common,"Limited.
Interrupt: When you deploy a Tau unit, exhaust this support to reduce that unit's cost by 1.",Location.,Support,Frontline_Launch_Bay,1,-1,-1,-1,0,Core Set,Core Set,Limited.Unique.,3
734,Ambush Platform,Tau,Common,"Interrupt: When you deploy an attachment, reduce its cost by 1.
Combat Action: Exhaust this support to deploy an attachment from your hand.",Upgrade.,Support,Ambush_Platform,2,-1,-1,-1,0,Core Set,Core Set,,3
735,Pathfinder Shi Or'es,Tau,Loyal,Action: Discard an attachment on this unit to ready it. (Limit once per phase.),Scout.,Army,Pathfinder_Shi_Or'es,3,1,3,3,0,The Great Devourer,The Great Devourer,Unique.,3
736,Repair Bay,Tau,Common,Deploy Action: Exhaust this support to place a Drone or Pilot card from your discard pile on top of your deck.,Location.,Support,Repair_Bay,1,-1,-1,-1,0,The Great Devourer,The Great Devourer,,3
737,Air Caste Courier,Tau,Common,"While you control a non-Tau warlord, this unit gains Flying.
Combat Action: Exhaust this unit to move an attachment from a unit you control at this planet to another eligible unit you control.",Scout. Pilot.,Army,Air_Caste_Courier,2,1,1,3,0,Legions of Death,Legions of Death,,3
738,Piranha Hunter,Tau,Common,"Mobile.
No Wargear Attachments.
Reaction: After this unit moves from one planet to another, draw 1 card.",Vehicle. Speeder.,Army,Piranha_Hunter,3,0,2,2,0,Warlord Cycle,The Howl of Blackmane,Mobile.No Wargear Attachments.,3
739,Aun'ui Prelate,Tau,Loyal,"Ambush.
Forced Reaction: After this unit resolves its attack, move it to your HQ.
Reaction: After you deploy this unit, each other Tau unit 
you control at this planet gets +1 ATK until the end of the phase.",Soldier. Ethereal.,Army,Aun'ui_Prelate,4,0,4,3,0,Warlord Cycle,The Howl of Blackmane,Ambush.,3
740,Homing Beacon,Tau,Common,"Limited.
Reaction: After a unit you control moves to your HQ, exhaust this support to gain 1 or draw 1 card.",Upgrade.,Support,Homing_Beacon,1,-1,-1,-1,0,Warlord Cycle,The Howl of Blackmane,Limited.,3
741,Bork'an Recruits,Tau,Common,This unit gets +2 ATK while it is at a planet with a warlord.,Soldier.,Army,Bork'an_Recruits,2,1,2,2,0,Warlord Cycle,The Scourge,,3
742,Kauyon Strike,Tau,Loyal,Combat Action: Move 1 or more Ethereal units you control to a target planet.,Tactic.,Event,Kauyon_Strike,1,-1,-1,-1,2,Warlord Cycle,The Scourge,,3
743,Blacksun Filter,Tau,Common,"Attach to an army unit.
After an enemy warlord commits to the same planet as attached unit, gain 1 RESOURCE.",Wargear.,Attachment,Blacksun_Filter,0,-1,-1,-1,1,Warlord Cycle,The Scourge,,3
744,Aun'shi,Tau,Signature,"Each Tau unit you control at this planet gains Armorbane.
Forced Reaction: After this warlord resolves its attack, move it to your HQ.",Ethereal. Soldier.,Warlord,Aun'shi,-1,-1,2,7,0,Warlord Cycle,Gift of the Ethereals,Unique.,1
745,Ethereal Envoy,Tau,Signature,"Forced Reaction: After this unit resolves its attack, move it to your HQ.",Ethereal. Soldier.,Army,Ethereal_Envoy,1,1,1,3,0,Warlord Cycle,Gift of the Ethereals,,4
746,Aun'shi's Sanctum,Tau,Signature,Action: Exhaust this support to ready a target unit at a planet with 1 or more Ethereal units you control.,Location.,Support,Aun'shi's_Sanctum,2,-1,-1,-1,0,Warlord Cycle,Gift of the Ethereals,Unique.,1
747,Honor Blade,Tau,Signature,"Attach to an Ethereal unit.Attached unit gains, “Each other Tau unit you control at this planet gets +1 ATK.”",Wargear. Weapon.,Attachment,Honor_Blade,1,-1,-1,-1,3,Warlord Cycle,Gift of the Ethereals,,1
748,Ethereal Wisdom,Tau,Signature,"Action: Until the end of the phase, a target Tau unit you control gets +1 ATK and gains the Ethereal trait.",Tactic.,Event,Ethereal_Wisdom,0,-1,-1,-1,1,Warlord Cycle,Gift of the Ethereals,,2
749,Sa'cea XV88 Broadside,Tau,Loyal,This unit gain Area Effect (2) while it has 1 or more attachments.,Soldier. Pilot. Elite.,Army,Sa'cea_XV88_Broadside,6,3,4,6,0,Warlord Cycle,Zogwort's Curse,,3
750,Tense Negotiations,Tau,Common,Action: Exhaust your warlord to trigger the Battle ability at the same planet as your warlord.,Tactic.,Event,Tense_Negotiations,1,-1,-1,-1,1,Warlord Cycle,Zogwort's Curse,,3
751,Heavy Marker Drone,Tau,Loyal,"Attach to an enemy army unit.
Double damage dealt to attached unit.",Drone.,Attachment,Heavy_Marker_Drone,1,-1,-1,-1,2,Warlord Cycle,Zogwort's Curse,,3
752,Fire Warrior Grenadiers,Tau,Common,"For each Ethereal unit you control at this planet, this unit gets +2 ATK and gains 1 command icon.",Soldier. Shas'la.,Army,Fire_Warrior_Grenadiers,3,0,2,2,0,Warlord Cycle,The Threat Beyond,,3
753,Ksi'm'yen Orbital City,Tau,Loyal,"Combat Action: Exhaust this support to move an Ethereal unit from your HQ to a target planet. Then, ready that unit.",Location.,Support,Ksi'm'yen_Orbital_City,2,-1,-1,-1,0,Warlord Cycle,The Threat Beyond,,3
754,Vior'la Warrior Cadre,Tau,Common,This unit gains Ranged while you control an Ethereal unit at this planet.,Soldier. Shas'la.,Army,Vior'la_Warrior_Cadre,4,1,4,3,0,Warlord Cycle,Descendants of Isha,,3
755,For the Tau'va,Tau,Common,Action: Exhaust your warlord to ready each unit you control with 1 or more attachments.,Tactic. Maneuver.,Event,For_the_Tau'va,2,-1,-1,-1,1,Warlord Cycle,Descendants of Isha,,3
756,Commander Starblaze,Tau,Signature,"You may include common Astra Militarum cards in your deck, but cannot include other cards from a non-Tau faction.
Reaction: After this warlord commits to a planet, move 1 Astra Militarum unit you control from an adjacent planet to this planet.",Shas'o. Soldier.,Warlord,Commander_Starblaze,-1,-1,2,6,0,Planetfall Cycle,Decree of Ruin,Unique.,1
757,Ardent Auxiliaries,Tau,Signature,"Reaction: After this unit commits to a planet, if you control an Astra Militarum unit at this planet, ready this unit.",Soldier.,Army,Ardent_Auxiliaries,2,1,2,2,0,Planetfall Cycle,Decree of Ruin,,4
758,Starblaze's Outpost,Tau,Signature,Action: Exhaust this support and return an Astra Militarum army unit at a planet to your hand to put a Tau unit with equal or lower printed cost into play from your hand at the same planet.,Location.,Support,Starblaze's_Outpost,2,-1,-1,-1,0,Planetfall Cycle,Decree of Ruin,Unique.,1
759,Bond of Brotherhood,Tau,Signature,"Action: Until the end of the phase, each Tau unit you control at a target planet gets +2 HP and each Astra Militarum unit you control at the targeted planet gets +2 ATK.",Tactic.,Event,Bond_of_Brotherhood,2,-1,-1,-1,1,Planetfall Cycle,Decree of Ruin,,2
760,Searing Burst Cannon,Tau,Signature,"Attach to a unit.
Interrupt: When attached unit damages an enemy unit by an attack, if no shield card was used during this attack, double the damage taken.",Wargear. Weapon.,Attachment,Searing_Burst_Cannon,1,-1,-1,-1,3,Planetfall Cycle,Decree of Ruin,,1
761,Prudent Fire Warriors,Tau,Common,"Interrupt: When this unit leaves play, attach each attachment on it to a target eligible unit at this planet.",Soldier.,Army,Prudent_Fire_Warriors,2,0,2,3,0,Planetfall Cycle,Boundless Hate,,3
762,Exploratory Drone,Tau,Loyal,"Reaction: After a non-Tau unit is deployed at this planet, move this unit to an adjacent planet.",Drone.,Army,Exploratory_Drone,1,1,0,2,0,Planetfall Cycle,Boundless Hate,,3
763,Auxiliary Armor,Tau,Loyal,"Attach to an army unit.
Attached unit gets +2 ATK and +1 HP.
If attached unit is a non-Tau unit, it gains 1 command icon.",Wargear. Armor.,Attachment,Auxiliary_Armor,2,-1,-1,-1,2,Planetfall Cycle,Boundless Hate,,3
764,Prototype Crisis Suit,Tau,Common,"Reaction: After you deploy this unit, search the top 9 cards of your deck for up to 2 Tau attachments, each with printed cost 2 or lower. Put each eligible attachment into play attached to this unit. Then, shuffle the remaining cards into your deck.",Pilot. Elite.,Army,Prototype_Crisis_Suit,5,2,4,4,0,Planetfall Cycle,Deadly Salvage,,3
765,Mont'ka Strike,Tau,Common,Combat Action: Exhaust each ready Soldier unit you control at a target planet to deal damage equal to their combined printed ATK value to an enemy army unit at the targeted planet.,Tactic.,Event,Mont'ka_Strike,2,-1,-1,-1,1,Planetfall Cycle,Deadly Salvage,,3
766,Sae'lum Enclave,Tau,Loyal,"Limited.
Interrupt: When you deploy a non-Tau unit, exhaust this support to reduce that unit's cost by 2.",Location.,Support,Sae'lum_Enclave,1,-1,-1,-1,0,Planetfall Cycle,Deadly Salvage,Limited.Unique.,3
767,Auxiliary Overseer,Tau,Loyal,"For each non-Tau unit you conrol at this planet, this unit gets +1 ATK.",Soldier.,Army,Auxiliary_Overseer,2,1,1,3,0,Planetfall Cycle,What Lurks Below,,3
768,Drone Defense System,Tau,Common,"Attach to a Pilot or Vehicle unit.
Combat Action: Exhaust attached unit to deal 2 damage to each exhausted enemy unit at this planet.",Hardpoint.,Attachment,Drone_Defense_System,1,-1,-1,-1,1,Planetfall Cycle,What Lurks Below,,3
769,Sae'lum Pioneer,Tau,Common,"While this unit is at a Material planet (red), it gains: +2 resources when command struggle won at this planet.",Scout. Ally.,Army,Sae'lum_Pioneer,3,1,2,2,0,Planetfall Cycle,Wrath of the Crusaders,,3
770,Colony Shield Generator,Tau,Common,"Interrupt: When a support card you control would be targeted, exhaust this support to have this card be targeted instead (ignoring targeting restrictions).",Upgrade.,Support,Colony_Shield_Generator,0,-1,-1,-1,0,Planetfall Cycle,Wrath of the Crusaders,,3
771,Kroot Hunter,Tau,Common,"Reaction: After you deploy this unit at a Material planet (red), gain 1 RESOURCE.",Scout. Ally.,Army,Kroot_Hunter,1,0,2,2,0,Planetfall Cycle,The Final Gambit,,3
772,War of Ideas,Tau,Common,"Interrupt: When a command struggle resolves at a planet, exhausted army units you control count their command icons during that command struggle.",Tactic.,Event,War_of_Ideas,0,-1,-1,-1,1,Planetfall Cycle,The Final Gambit,,3
773,Kroot Guerrilla,Tau,Common,"Reaction: After a battle at this planet begins, gain 1 RESOURCE.",Warrior. Kroot.,Army,Kroot_Guerrilla,3,1,2,3,0,Death World Cycle,Jungles of Nectavus,,3
774,XV8-05 Enforcer,Tau,Common,"Reaction: After damage from an attack by this unit has been assigned, reassign any amount of that damage to another enemy unit at this planet. (Limit once per attack.)",Soldier. Pilot.,Army,XV8-05_Enforcer,4,1,4,4,0,Death World Cycle,Jungles of Nectavus,,3
775,Grav Inhibitor Drone,Tau,Common,Each unit with printed cost 2 or lower at this planet cannot attack while a unit with printed cost 3 or higher at this planet is ready.,Drone.,Army,Grav_Inhibitor_Drone,1,0,0,4,0,Death World Cycle,Unforgiven,,3
776,Missile Pod,Tau,Common,"Attach to a Pilot or Vehicle unit you control.
Deploy Action: Sacrifice this attachment to deal 3 damage to a target enemy army unit in your opponent's HQ or destroy a target support card.",Hardpoint.,Attachment,Missile_Pod,2,-1,-1,-1,1,Death World Cycle,Unforgiven,,3
777,Sniper Drone Team,Tau,Loyal,"Ranged.
Reaction: After the ranged skirmish at this planet ends, ready this unit.",Soldier. Drone.,Army,Sniper_Drone_Team,4,2,2,5,0,Death World Cycle,Slash and Burn,Ranged.,3
778,Tactical Withdrawal,Tau,Loyal,"Deep Strike (0).
Reaction: After you Deep Strike this event, move any number of units you control at this planet to an adjacent planet.",Tactic.,Event,Tactical_Withdrawal,-1,-1,-1,-1,2,Death World Cycle,Slash and Burn,Deep Strike.,3
779,Herald of the Tau'va,Tau,Common,"Each Elite unit you control at this planet gains Mobile.
Forced Reaction: After this unit resolves its attack, move it to your HQ.",Soldier. Ethereal.,Army,Herald_of_the_Tau'va,2,1,1,3,0,Death World Cycle,Searching for Truth,,3
780,Beleaguered Garrison,Tau,Common,Each card you control in reserve is counted as a command icon at its planet when resolving command struggles.,Location.,Support,Beleaguered_Garrison,1,-1,-1,-1,0,Death World Cycle,Searching for Truth,Unique.,3
781,XV25 Stealth Squad,Tau,Common,"Deep Strike (3).
You may Deep Strike this card as an Action during the combat phase.",Soldier. Pilot. Elite.,Army,XV25_Stealth_Squad,5,0,5,3,0,Death World Cycle,Against the Great Enemy,Deep Strike.,3
782,Kroot Hunting Rifle,Tau,Common,"Deep Strike (0).
Attach to an army unit you control.
Reaction: After attached unit destroys an enemy unit by an attack, gain 1 RESOURCE.",Wargear. Kroot.,Attachment,Kroot_Hunting_Rifle,2,-1,-1,-1,1,Death World Cycle,Against the Great Enemy,Deep Strike.,3
783,Raging Krootox,Tau,Loyal,"No Attachments.
Combat Action: This unit gets +X ATK until the end of ths phase. X is the number of RESOURCE in your resource pool. (Limit once per phase.)",Creature. Kroot. Elite.,Army,Raging_Krootox,5,0,2,6,0,Death World Cycle,The Warp Unleashed,No Attachments.,3
784,Hunter's Ploy,Tau,Common,"Reaction: After the headquarters phase begins, each player gains RESOURCE equal to the highest printed cost among units he controls.",Tactic.,Event,Hunter's_Ploy,0,-1,-1,-1,1,Death World Cycle,The Warp Unleashed,,3
785,Commander Bravestorm,Tau,Loyal,"Reaction: After you attach a non-Drone attachment to a unit at this planet, draw a card.",Soldier. Pilot. Shas'o.,Army,Commander_Bravestorm,3,1,2,4,0,Confrontation Cycle,By Imperial Decree,Unique.,3
786,Escort Drone,Tau,Loyal,"You may deploy this card as a Wargear attachment with the text ""Attach to an army unit. Attached unit gains +2 ATK and +1 HP. Interrupt: When attached unit leaves play detach this card to have it become an army unit.""",Drone.,Army,Escort_Drone,1,1,2,1,0,Confrontation Cycle,A Mask Falls Off,,3
787,Frontline Counsellor,Tau,Common,"Interrupt: When another unit you control is routed or moves from a planet, move this unit to that planet. (Limit once per phase.)
Forced Reaction: After this unit resolves its attack, move it to your HQ.",Soldier. Ethereal.,Army,Frontline_Counsellor,2,2,2,1,0,Confrontation Cycle,The Laughing God,,3
788,Gue'vesa Overseer,Tau,Common,"This unit is an Astra Militarum unit in addition to Tau.
Reaction: After this unit enters play, a non-Tau army unit at an adjacent planet gets +1 ATK and another gets +1 HP until the end of the game. (Each unit can be at a different planet.)",Soldier.,Army,Gue'vesa_Overseer,2,1,1,3,0,Navida Prime Cycle,Overrun,,3
789,Kroot Hounds,Tau,Common,"No Attachments.
Reaction: After a Kroot unit you control damages an enemy unit by an attack at this planet, exhaust this unit to deal 2 damage to that enemy unit.",Creature. Kroot.,Army,Kroot_Hounds,2,0,3,3,0,Navida Prime Cycle,Breaching the Veil,No Attachments.,3
790,Rampaging Knarloc,Tau,Loyal,"No Attachments.
While you have 4 RESOURCE or more, reduce all damage taken by this unit to 3.
Reaction: After this unit is declared as a defender, exhaust it to deal 4 damage to the attacker.",Creature. Kroot. Elite.,Army,Rampaging_Knarloc,5,0,4,7,0,Navida Prime Cycle,Overrun,No Attachments.,3
791,Scavenging Kroot Rider,Tau,Common,"Reaction: After this unit enters play, attach an eligible attachment from your discard pile to this unit and exhaust a target enemy limited support card.",Kroot.,Army,Scavenging_Kroot_Rider,2,0,3,3,0,Confrontation Cycle,The Laughing God,,3
792,Shas'el Lyst,Tau,Loyal,"While this unit is ready, as an additional cost to target units you control at this planet, your opponent must pay 1 RESOURCE.
Interrupt: When your opponent triggers an ability that discards a card from your hand or routs a unit you control, put this unit from your hand into play at a planet.",Soldier. Hero.,Army,Shas'el_Lyst,2,1,2,3,0,Defenders of the Faith,Defenders of the Faith,Unique.,3
793,Trap Laying Hunter,Tau,Common,"Interrupt: When this unit is chosen as a defender, your opponent must choose to either deal 3 damage to the attacker or exhaust a unit he controls at the same planet. (Limit once per combat round.)",Warrior. Kroot.,Army,Trap_Laying_Hunter,3,0,4,2,0,Navida Prime Cycle,Aligned Stars,,3
794,Arrangement at Elova IV,Tau,Loyal,"Attach to a Tau army unit you control.
Attached unit gains, ""Reaction: When your opponent wins a command struggle at a planet with one or more Tau units you control, gain 1 RESOURCE.""",Negotiation.,Attachment,Arrangement_at_Elova_IV,0,-1,-1,-1,2,Navida Prime Cycle,Breaching the Veil,Unique.,3
795,Data Analyzer,Tau,Loyal,"Attach to an army unit.
Attached unit gets +1 HP.
Interrupt: When a unit is assigned damage by an attack at this planet, reassign 1 of that damage to another unit controlled by the same player at this planet.",Wargear. Experimental.,Attachment,Data_Analyzer,2,-1,-1,-1,2,Confrontation Cycle,A Mask Falls Off,Unique.,3
796,Fusion Cascade Defiance,Tau,Loyal,"Attach to an army unit.
Attached unit gets +1 ATK and +1 HP.
Reaction: After this card enters or leaves play, deal 1 damage to a target unit at this planet.",Wargear.,Attachment,Fusion_Cascade_Defiance,1,-1,-1,-1,2,Confrontation Cycle,A Mask Falls Off,,3
797,Positional Relay,Tau,Loyal,"Attach to an army unit.
Attached unit gets +1 ATK and +1 HP.
Action: Exhaust this attachment to Rally X an attachment, add it to your hand. X equals the number of attachments you control.",Wargear. Experimental.,Attachment,Positional_Relay,1,-1,-1,-1,2,Confrontation Cycle,A Mask Falls Off,,3
798,Breach and Clear,Tau,Loyal,"If all effects of this event are cancelled, gain 2 RESOURCE.
Action: Exhaust a target army unit. Then you may sacrifice an attachment to exhaust another target army unit at the same planet.",Tactic.,Event,Breach_and_Clear,2,-1,-1,-1,2,Confrontation Cycle,A Mask Falls Off,,3
799,Consumed by the Kindred,Tau,Common,Action: Exhaust a Kroot unit and sacrifice another non-Vehicle unit to gain RESOURCE equal to the sacrificed unit's printed cost.,Tactic. Kroot.,Event,Consumed_by_the_Kindred,0,-1,-1,-1,1,Navida Prime Cycle,Enemy Territory,,3
800,Guerrilla Tactics,Tau,Loyal,Command Action: Choose a planet with an enemy unit. Your opponent loses RESOURCE equalt to the resource bonus and must discard cards equal to the card bonus. Then move a Kroot army unit you control at that planet to the first planet.,Tactic. Kroot.,Event,Guerrilla_Tactics,1,-1,-1,-1,2,Navida Prime Cycle,Aligned Stars,,3
801,Optimized Landing,Tau,Loyal,"Interrupt: When you deploy a non-Drone army unit, reduce its cost by X (Max 2). X is the amount of attachments you control. (Max 1 per round.)",Tactic.,Event,Optimized_Landing,0,-1,-1,-1,1,Bloodied Path Cycle,For the Enclaves,,3
802,Bork'an Sept,Tau,Loyal,"Reaction: After you deploy this support, search your deck for a non-signature non-hardpoint Tau attachment, reveal it, add it to your hand and shuffle your deck.",Pledge.,Support,Bork'an_Sept,0,-1,-1,-1,0,Chronicles of Heroes,Chronicles of Heroes,Preparation.,1
803,Dal'yth Sept,Tau,Loyal,"While there are two or more tokens on this support, you may use it from play as a shield card with 4 shield icons.
Reaction: After your opponent captures a planet, put a token on this support.",Pledge.,Support,Dal'yth_Sept,0,-1,-1,-1,0,Chronicles of Heroes,Chronicles of Heroes,Preparation.,1
804,Vior'la Sept,Tau,Loyal,"If there are 3 or more tokens on this support, sacrifice it.
Reaction: After the phase command ends, put a Defense Battery into play from the card collection at a planet without Defense Battery you control and put a token on this support.",Pledge.,Support,Vior'la_Sept,1,-1,-1,-1,0,Chronicles of Heroes,Chronicles of Heroes,Preparation.,1
805,Smuggler's Den,Tau,Loyal,Action: Exhaust this support and pay 1 RESOURCE to return a target non-Drone attachment you control to your hand and gain resources equal to the printed cost of the attachment.,Location.,Support,Smuggler's_Den,1,-1,-1,-1,0,Navida Prime Cycle,Enemy Territory,Unique.,3
806,Aun'Len,Tau,Signature,"Reaction: After the deploy phase ends, have a player trigger the battle ability of a target planet with a unit you control. (You cannot target the same planet twice.)",Prophet.,Warlord,Aun'Len,-1,-1,2,6,0,Bloodied Path Cycle,For the Enclaves,Unique.,1
807,Forward Outpost,Tau,Signature,Combat Action: Exhaust this support to give a non-Drone army unit Sweep (2) for its next attack this phase.,Location.,Support,Forward_Outpost,1,-1,-1,-1,0,Bloodied Path Cycle,For the Enclaves,,1
808,Pathfinder Team,Tau,Signature,"Reaction: After this planet battle ability is triggered, exhaust this unit to draw a card.",Soldier.,Army,Pathfinder_Team,2,1,2,3,0,Bloodied Path Cycle,For the Enclaves,,4
809,Rail Rifle,Tau,Signature,"Attach to your warlord.
Reaction: After your warlord resolves an attack, retreat it to deal 1 damage to a target unit at this planet.",Weapon.,Attachment,Rail_Rifle,1,-1,-1,-1,3,Bloodied Path Cycle,For the Enclaves,,1
810,Tempting Ceasefire,Tau,Signature,"Deploy Action: Each player secretly chooses a number on the command dial, reveal it and draw that many cards. Then if you set a lower number, take the difference in RESOURCE from your opponent. If not he takes the difference in RESOURCE from the token bank. If equal draw a card. Max 1 per round.",Tactic.,Event,Tempting_Ceasefire,0,-1,-1,-1,1,Bloodied Path Cycle,For the Enclaves,,2
811,Farsight,Tau,Signature,"Your attachment cards are considered to have Deep Strike (0).
Reaction: After you Deep Strike a card, gain 2 RESOURCE. (Limit once per phase.)",Shas'o.,Warlord,Farsight,-1,-1,2,7,0,Bloodied Path Cycle,For the Enclaves,Unique.,1
812,Daring Assault,Tau,Signature,"The effects of this event cannot be cancelled.
Action: Draw a card. Then you may move each card in reserve you control to a different planet.",Tactic.,Event,Daring_Assault,0,-1,-1,-1,1,Bloodied Path Cycle,For the Enclaves,,2
813,Farsight Vanguard,Tau,Signature,"Reaction: After this unit is declared as an attacker or defender, choose a unit you control. Move a non-Drone attachment you control between this unit and the chosen unit. (Limit once per phase.)",Soldier.,Army,Farsight_Vanguard,2,1,2,2,0,Bloodied Path Cycle,For the Enclaves,,4
814,Support Fleet,Tau,Signature,"This support cannot be targeted nor discarded.
After you play this support, Rally 16 for up to 4 attachments, place them on this support. Then shuffle your deck.
Reaction: After the deploy phase begins, transfer a card from this support to your hand.",Fleet.,Support,Support_Fleet,1,-1,-1,-1,0,Bloodied Path Cycle,For the Enclaves,Preparation.,1
815,The Dawn Blade,Tau,Signature,"Attach to your warlord.
Attached unit gets Sweep (1).
Combat Action: Exhaust this attachment to either Deep Strike an attachment or move a card in reserve you control to another planet.",Weapon.,Attachment,The_Dawn_Blade,0,-1,-1,-1,3,Bloodied Path Cycle,For the Enclaves,Unique.,1
816,Shaper Agnok,Tau,Signature,"Interrupt: When your opponent wins a command struggle at a planet with one or more Kroot units you control, gain 1 RESOURCE or draw 1 card.",Kroot.,Warlord,Shaper_Agnok,-1,-1,2,7,0,Navida Prime Cycle,Promise of War,Unique.,1
817,Agnok's Shadows,Tau,Signature,"Combat Action: Exhaust this unit to have a target non-warlord unit at this planet get -2 ATK until the end of the phase, then move this unit to an adjacent planet.",Warrior. Kroot.,Army,Agnok's_Shadows,2,0,2,3,0,Navida Prime Cycle,Promise of War,,4
818,Behind Enemy Lines,Tau,Signature,Combat Action: Deploy a Kroot unit at a target planet. Then exhaust a target non-Elite enemy army unit at this planet.,Tactic. Kroot.,Event,Behind_Enemy_Lines,1,-1,-1,-1,1,Navida Prime Cycle,Promise of War,,2
819,Evolutionary Adaptation,Tau,Signature,Deploy Action: Exhaust this support to choose a unit in your opponent's discard pile and remove it from the game to give a target Kroot army unit a keyword (and all associated values) printed on the removed unit until the end of the round.,Upgrade.,Support,Evolutionary_Adaptation,0,-1,-1,-1,0,Navida Prime Cycle,Promise of War,,1
820,Vanguard Pack,Tau,Signature,"Limited.
Attach to a planet.
Reaction: After an enemy unit is deployed at this planet, exhaust it. Then your opponent may give you 1 RESOURCE to return this attachment to your hand.",Stratagem. Kroot.,Attachment,Vanguard_Pack,0,-1,-1,-1,3,Navida Prime Cycle,Promise of War,Limited.,1
821,"""Old One Eye""",Tyranids,Signature,"Reaction: After this warlord readies, remove half the damage from it. (Limit once per round.)",Creature. Behemoth.,Warlord,Old_One_Eye,-1,-1,2,6,0,The Great Devourer,The Great Devourer,Unique.,1
822,Lurking Hormagaunt,Tyranids,Signature,"Reaction: After this unit is assigned damage, reassign up to 2 of that damage to your warlord instead.",Creature. Behemoth.,Army,Lurking_Hormagaunt,2,1,3,1,0,The Great Devourer,The Great Devourer,,4
823,Awakening Cavern,Tyranids,Signature,Action: Exhaust this support to ready a target unit you control.,Location.,Support,Awakening_Cavern,3,-1,-1,-1,0,The Great Devourer,The Great Devourer,,1
824,Ferocious Strength,Tyranids,Signature,Action: Your warlord or a synapse unit you control gains Brutal until the end of the combat round.,Power.,Event,Ferocious_Strength,1,-1,-1,-1,1,The Great Devourer,The Great Devourer,,2
825,Great Scything Talons,Tyranids,Signature,"Attach to your warlord.
Attached unit gets +1 HP.
Reaction: After damage is removed from attached unit, it gets +X ATK for its next attack this phase. X is the amount of damage removed.",Wargear. Biomorph.,Attachment,Great_Scything_Talons,1,-1,-1,-1,3,The Great Devourer,The Great Devourer,,1
826,"""The Swarmlord""",Tyranids,Signature,"Reaction: After this warlord commits to a planet, put 1 Termagant token into play at each adjacent planet.",Creature. Behemoth.,Warlord,The_Swarmlord,-1,-1,2,6,0,The Great Devourer,The Great Devourer,Unique.,1
827,Brood Warriors,Tyranids,Signature,HIVE MIND - Each Termagant token you control at this planet gains 1 command icon.,Creature. Leviathan.,Army,Brood_Warriors,2,1,2,2,0,The Great Devourer,The Great Devourer,Hive Mind.,4
828,Leviathan Hive Ship,Tyranids,Signature,"Reaction: After a unit you control with the Hive Mind specialization and printed cost 3 or lower is destroyed, exhaust this support to put that unit into play from your discard pile exhausted at a planet.",Upgrade.,Support,Leviathan_Hive_Ship,3,-1,-1,-1,0,The Great Devourer,The Great Devourer,,1
829,Indescribable Horror,Tyranids,Signature,Combat Action: Rout a target army unit with printed cost equal to or lower than the number of Tyranid units you control at that planet.,Tactic.,Event,Indescribable_Horror,2,-1,-1,-1,1,The Great Devourer,The Great Devourer,,2
830,Bone Sabres,Tyranids,Signature,"Attach to your warlord.
Attached unit gets +1 ATK.
Reaction: After attached unit destroys an enemy army unit by an attack, put 1 Termagant token into play at this planet.",Biomorph. Wargear.,Attachment,Bone_Sabres,1,-1,-1,-1,3,The Great Devourer,The Great Devourer,Unique.,1
831,Savage Warrior Prime,Tyranids,Loyal,"This unit must commit to a different planet than your warlord, if able.
While checking for a battle and determining initiative at this planet, this unit is considered to be a warlord, unless an enemy warlord is at this planet.",Creature. Leviathan. Elite.,Synapse,Savage_Warrior_Prime,-1,0,2,5,0,The Great Devourer,The Great Devourer,Unique.,1
832,Blazing Zoanthrope,Tyranids,Loyal,"Reaction: After the combat phase begins, deal 1 damage to a target army unit at this planet. If this planet is infested, deal 2 damage instead.",Creature. Behemoth. Elite.,Synapse,Blazing_Zoanthrope,-1,1,1,4,0,The Great Devourer,The Great Devourer,Unique.,1
833,Gravid Tervigon,Tyranids,Loyal,"Reaction: After this unit commits to a planet, put 1 Termagant token into play at this planet. If this planet is infested, put 2 Termagant tokens into play at this planet instead.",Creature. Kraken. Elite.,Synapse,Gravid_Tervigon,-1,1,0,4,0,The Great Devourer,The Great Devourer,Unique.,1
834,Stalking Lictor,Tyranids,Loyal,,Creature. Behemoth. Elite.,Synapse,Stalking_Lictor,-1,2,1,4,0,The Great Devourer,The Great Devourer,Unique.,1
835,Venomthrope Polluter,Tyranids,Loyal,"Reaction: After this unit commits to a planet, move a non-warlord unit you control from the planet with your warlord to this planet.",Creature. Behemoth. Elite,Synapse,Venomthrope_Polluter,-1,1,1,4,0,The Great Devourer,The Great Devourer,Unique.,1
836,Ripper Swarm,Tyranids,Common,Limited.,Creature.,Army,Ripper_Swarm,0,1,1,1,0,The Great Devourer,The Great Devourer,Limited.,3
837,Strangler Brood,Tyranids,Common,HIVE MIND - Each Termagant token you control at this planet gets +1 ATK.,Creature. Leviathan.,Army,Strangler_Brood,1,0,1,2,0,The Great Devourer,The Great Devourer,Hive Mind.,3
838,Termagant Sentry,Tyranids,Common,"Reaction: After a Termagant token you control is destroyed at this planet, ready this unit.",Creature. Kraken. Termagant.,Army,Termagant_Sentry,1,1,1,2,0,The Great Devourer,The Great Devourer,,3
839,Hunter Gargoyles,Tyranids,Common,Combat Action: Move this unit to an infest planet. (Limit once per phase.),Creature. Kraken.,Army,Hunter_Gargoyles,1,0,2,1,0,The Great Devourer,The Great Devourer,,3
840,Virulent Spore Sacs,Tyranids,Common,Combat Action: Sacrifice this unit to deal 1 damage to each enemy unit at this planet and infest this plant.,Creature. Drone.,Army,Virulent_Spore_Sacs,2,1,0,1,0,The Great Devourer,The Great Devourer,,3
841,Scything Hormagaunts,Tyranids,Common,"Reaction: After you deploy this unit, infest this planet.",Creature. Leviathan.,Army,Scything_Hormagaunts,2,1,2,2,0,The Great Devourer,The Great Devourer,,3
842,Toxic Venomthrope,Tyranids,Common,"Reaction: After you win a command struggle at this planet, infest it. If it was already infested, either gain 1 RESOURCE or draw 1 card instead of infesting it.",Creature. Kraken.,Army,Toxic_Venomthrope,2,2,0,2,0,The Great Devourer,The Great Devourer,,3
843,Termagant Horde,Tyranids,Common,"Reaction: After a combat round at this planet begins, put 1 Termagant token into play at this planet.",Creature. Leviathan. Termagant.,Army,Termagant_Horde,3,1,1,3,0,The Great Devourer,The Great Devourer,,3
844,Volatile Pyrovore,Tyranids,Common,"Interrupt: When this unit is destroyed by an attack, deal 3 damage to the attacker.",Creature. Behemoth.,Army,Volatile_Pyrovore,3,1,3,3,0,The Great Devourer,The Great Devourer,,3
845,Termagant Spikers,Tyranids,Common,"Ranged.
HIVE MIND - Each Termagant token you control at this planet gains Ranged.",Behemoth. Creature. Termagant.,Army,Termagant_Spikers,3,0,1,3,0,The Great Devourer,The Great Devourer,Ranged.Hive Mind.,3
846,Tyranid Warrior,Tyranids,Common,,Creature. Behemoth.,Army,Tyranid_Warrior,3,2,2,4,0,The Great Devourer,The Great Devourer,,3
847,Swarm Guard,Tyranids,Common,HIVE MIND - Each Termagant token you control at this planet gets +2 HP.,Creature. Leviathan.,Army,Swarm_Guard,3,1,1,5,0,The Great Devourer,The Great Devourer,Hive Mind.,3
848,Adamant Hive Guard,Tyranids,Common,"Reaction: After a unit with the Hive Mind specialization or Termagant token at this planet is assigned damage, reassign all of that damage to this unit instead.",Creature. Behemoth.,Army,Adamant_Hive_Guard,4,0,2,5,0,The Great Devourer,The Great Devourer,,3
849,Ymgarl Genestealer,Tyranids,Common,"This unit gets +2 HP while it is at a planet with a synapse unit.
This unit gets +2 ATK while it is at a planet with a warlord.",Creature. Genestealer. Elite.,Army,Ymgarl_Genestealer,5,2,4,4,0,The Great Devourer,The Great Devourer,,3
850,Ravenous Haruspex,Tyranids,Common,"Reaction: After this unit destroys an enemy army unit by an attack, gain X RESOURCE. X is equal to the printed cost of the destroyed unit. (Limit once per phase.)",Creature. Behemoth. Elite.,Army,Ravenous_Haruspex,5,1,3,5,0,The Great Devourer,The Great Devourer,,3
851,Biovore Spore Launcher,Tyranids,Common,"Area Effect (1)
HIVE MIND - Each Termagant token you control at this planet gains Area Effect (1).",Creature. Leviathan. Elite.,Army,Biovore_Spore_Launcher,6,1,3,6,0,The Great Devourer,The Great Devourer,Area Effect.Hive Mind.,3
852,Shrieking Harpy,Tyranids,Common,"Flying.
Combat Action: After this unit is declared as an attacker at an infested planet, exhaust each enemy non-Elite army unit and token unit at this planet.",Creature. Kraken. Elite.,Army,Shrieking_Harpy,6,2,2,5,0,The Great Devourer,The Great Devourer,Flying.,3
853,Burrowing Trygon,Tyranids,Common,Reduce the cost to deploy this unit by X. X is the highest number of Termagant tokens you control at a single planet.,Creature. Behemoth. Elite.,Army,Burrowing_Trygon,10,3,7,7,0,The Great Devourer,The Great Devourer,,3
854,Clogged with Corpses,Tyranids,Common,Action: Sacrifice X Termagant units to destroy a target support card with printed cost X or lower.,Tactic.,Event,Clogged_with_Corpses,0,-1,-1,-1,1,The Great Devourer,The Great Devourer,,3
855,Predation,Tyranids,Common,Action: Infest a planet adjacent to an infested planet.,Tactic.,Event,Predation,0,-1,-1,-1,1,The Great Devourer,The Great Devourer,,3
856,Spawn Termagants,Tyranids,Common,Deploy Action: Put 1 Termagant token into play at each planet.,Power.,Event,Spawn_Termagants,2,-1,-1,-1,1,The Great Devourer,The Great Devourer,,3
857,Spore Burst,Tyranids,Common,Deploy Action: Put a unit with printed cost 3 or lower into play from your discard pile at an infested planet.,Power.,Event,Spore_Burst,2,-1,-1,-1,2,The Great Devourer,The Great Devourer,,3
858,Dark Cunning,Tyranids,Common,"Combat Action: Ready a target non-warlord unit you control. Then, if that unit is at an infested planet, gain 1 RESOURCE.",Tactic.,Event,Dark_Cunning,2,-1,-1,-1,1,The Great Devourer,The Great Devourer,,3
859,Consumption,Tyranids,Common,"Deploy Action: Each player must sacrifice a unit at each planet, if able.",Tactic.,Event,Consumption,4,-1,-1,-1,1,The Great Devourer,The Great Devourer,,3
860,Regeneration,Tyranids,Common,"Attach to an army unit.
Limit 1 per unit.
Attached unit gets +2 HP.
Action: Exhaust this attachment to remove 2 damage from attached unit.",Condition.,Attachment,Regeneration,1,-1,-1,-1,1,The Great Devourer,The Great Devourer,,3
861,Noxious Fleshborer,Tyranids,Common,"Attach to an army unit.
Attached unit gets +1 ATK and +1 HP while it is at an infested planet.
Reaction: After you win a command struggle at this planet, infest it.",Wargear. Biomorph.,Attachment,Noxious_Fleshborer,1,-1,-1,-1,1,The Great Devourer,The Great Devourer,,3
862,Pincer Tail,Tyranids,Common,"Attach to an army unit.
Attached unit gets +1 ATK.
Reaction: After attached unit damages an enemy non-warlord unit by an attack, the damaged unit cannot retreat before the start of the next combat round.",Wargear. Biomorph.,Attachment,Pincer_Tail,1,-1,-1,-1,1,The Great Devourer,The Great Devourer,,3
863,Parasitic Infection,Tyranids,Common,"Attach to an enemy army unit.
Reaction: After the combat phase begins, put 1 Termagant token into play at this planet and deal attached unit 1 damage.",Condition.,Attachment,Parasitic_Infection,2,-1,-1,-1,1,The Great Devourer,The Great Devourer,,3
864,Heavy Venom Cannon,Tyranids,Common,"Attach to an Elite army unit.
Attached unit gets +2 ATK.
Combat Action: Attached unit, until the end of the phase, gain either (choose one): Area Effect (2) or Armorbane. (Limit once per phase.)",Wargear. Biomorph.,Attachment,Heavy_Venom_Cannon,3,-1,-1,-1,2,The Great Devourer,The Great Devourer,,3
865,Brood Chamber,Tyranids,Common,Combat Action: Exhaust this support to give a target army unit you control a keyword (and all associated values) printed on a target enemy unit at that planet until the end of the phase.,Location.,Support,Brood_Chamber,0,-1,-1,-1,0,The Great Devourer,The Great Devourer,,3
866,Digestion Pool,Tyranids,Common,"Limited.
Interrupt: When you deploy a Tyranids unit at an infested planet, exhaust this support to reduce the unit's cost by 2.",Upgrade.,Support,Digestion_Pool,1,-1,-1,-1,0,The Great Devourer,The Great Devourer,Limited.Unique.,3
867,Mycetic Spores,Tyranids,Common,Combat Action: Exhaust this support to move a unit you control with the Hive Mind specialization to a planet with a Termagant token.,Upgrade.,Support,Mycetic_Spores,2,-1,-1,-1,0,The Great Devourer,The Great Devourer,,3
868,Spore Chimney,Tyranids,Common,"Reaction: After the headquarters phase begins, infest a target planet.",Upgrade.,Support,Spore_Chimney,2,-1,-1,-1,0,The Great Devourer,The Great Devourer,,3
869,Synaptic Link,Tyranids,Common,"Reaction: After a synapse unit you control commits to a planet, draw 1 card.",Upgrade.,Support,Synaptic_Link,2,-1,-1,-1,0,The Great Devourer,The Great Devourer,,3
870,Swarmling Termagants,Tyranids,Common,"Interrupt: When this unit is destroyed, put X Termagant tokens into play at this planet. X is the number of factions among enemy units at this planet.",Creature. Leviathan. Termagant.,Army,Swarmling_Termagants,2,1,1,1,0,Legions of Death,Legions of Death,,3
871,Striking Ravener,Tyranids,Common,"Reaction: After this unit destroys an army unit by an attack, ready this unit.",Creature. Kraken. Elite.,Army,Striking_Ravener,5,2,3,5,0,Planetfall Cycle,Decree of Ruin,,3
872,Acid Maw,Tyranids,Common,"Attach to an army unit you control.
Damage dealt by attached unit cannot be prevented.",Wargear. Biomorph.,Attachment,Acid_Maw,2,-1,-1,-1,1,Planetfall Cycle,Decree of Ruin,,3
873,Soaring Gargoyles,Tyranids,Common,Flying. HIVE MIND - Each Termagant token you control at this planet gains Flying.,Creature. Leviathan.,Army,Soaring_Gargoyles,2,0,2,3,0,Planetfall Cycle,Boundless Hate,Flying.Hive Mind.,3
874,Sacaellum Infestors,Tyranids,Common,"Reaction: After a planet is infested, exhaust this support to take either the card bonus or the resource bonus of that planet.",Upgrade.,Support,Sacaellum_Infestors,2,-1,-1,-1,0,Planetfall Cycle,Boundless Hate,Unique.,3
875,Genestealer Prowler,Tyranids,Common,,Creature. Genestealer.,Army,Genestealer_Prowler,1,0,2,2,0,Planetfall Cycle,Deadly Salvage,,3
876,Biomass Sacrifice,Tyranids,Common,Action: Discard 1 or more unit cards from your hand to gain RESOURCE equal to the number of cards discarded by this effect.,Tactic.,Event,Biomass_Sacrifice,0,-1,-1,-1,1,Planetfall Cycle,Deadly Salvage,,3
877,"""Subject: Ω-X62113""",Tyranids,Signature,Each Genestealer card in your hand may be deployed to infested planets as if it had ambush.,Creature. Genestealer.,Warlord,Subject_Ω-X62113,-1,-1,2,6,0,Planetfall Cycle,What Lurks Below,Unique.,1
878,Invasive Genestealers,Tyranids,Signature,"Reaction: After you deploy this unit, target an enemy army unit at this planet. Until the end of the phase, the targeted unit gets -1 HP and this unit gets +1 HP.",Creature. Genestealer.,Army,Invasive_Genestealers,3,1,2,3,0,Planetfall Cycle,What Lurks Below,,4
879,Ruined Passages,Tyranids,Signature,Combat Action: Exhaust and sacrifice this support to ready each Genestealer unit you control at a target planet.,Location.,Support,Ruined_Passages,3,-1,-1,-1,0,Planetfall Cycle,What Lurks Below,,1
880,Gene Implantation,Tyranids,Signature,"Reaction: After a Genestealer unit you control destroys an enemy unit with printed cost 3 or lower by an attack, put that unit into play from your opponent's discard pile under your control at the same planet.",Power.,Event,Gene_Implantation,1,-1,-1,-1,1,Planetfall Cycle,What Lurks Below,,2
881,Lethal Toxin Sacs,Tyranids,Signature,"You may deploy this attachment from your discard pile.
Attach to an army unit you control.
Attached unit gets +3 ATK and -1 HP.",Genestealer. Wargear.,Attachment,Lethal_Toxin_Sacs,2,-1,-1,-1,3,Planetfall Cycle,What Lurks Below,,1
882,Devourer Venomthrope,Tyranids,Common,"Reaction: After you win a command struggle at an infested planet, exhaust a target non-Elite army unit at this planet.",Creature. Psyker. Kraken.,Army,Devourer_Venomthrope,4,2,4,2,0,Planetfall Cycle,Wrath of the Crusaders,,3
883,Genestealer Brood,Tyranids,Common,"Reaction: After you deploy this unit, search the top 6 cards of your deck for a Genestealer card. Reveal it, add it to your hand, and place the remaining cards on the bottom of your deck in any order.",Creature. Genestealer.,Army,Genestealer_Brood,3,1,3,2,0,Planetfall Cycle,Wrath of the Crusaders,,3
884,Sudden Adaptation,Tyranids,Common,Action: Return a Tyranids army unit at a planet to your hand to put a Tyranids army unit with equal or lower printed cost and a different name into play from your hand at the same planet.,Power.,Event,Sudden_Adaptation,2,-1,-1,-1,1,Planetfall Cycle,Wrath of the Crusaders,,3
885,Genestealer Harvesters,Tyranids,Common,"Reaction: While this unit is at an infested planet, it gains: +1 card and +1 resource when command struggle won at this planet.",Creature. Genestealer.,Army,Genestealer_Harvesters,2,1,2,2,0,Planetfall Cycle,The Final Gambit,,3
886,Nesting Chamber,Tyranids,Common,Action: Exhaust this support to infest a planet with 2 or more Genestealer units at it.,Upgrade.,Support,Nesting_Chamber,1,-1,-1,-1,0,Planetfall Cycle,The Final Gambit,,3
887,Ymgarl Factor,Tyranids,Common,"Attach to an army unit you control.
Action: Pay 1 RESOURCE to have attached unit get, until the end of the phase, either: +2 ATK or +2 HP.",Skill. Genestealer.,Attachment,Ymgarl_Factor,1,-1,-1,-1,2,Planetfall Cycle,The Final Gambit,,3
888,Keening Maleceptor,Tyranids,Loyal,Combat Action: Remove an infestation token from this planet to trigger its Battle ability. (Limit once per phase.),Creature. Leviathan. Elite.,Synapse,Keening_Maleceptor,-1,1,1,5,0,Death World Cycle,Jungles of Nectavus,Unique.,1
889,Crush of Sky-Slashers,Tyranids,Common,"Flying.
Reaction: After a combat round begins at this planet, deal 1 damage to a target enemy unit at this planet with printed cost 2 or lower.",Creature.,Army,Crush_of_Sky-Slashers,1,0,1,2,0,Death World Cycle,Jungles of Nectavus,Flying.,3
890,Caustic Tyrannofex,Tyranids,Common,"Reaction: After you win a command struggle at this planet, until the end of the round, this unit gains “Hive Mind - Each Termagant token you control at this planet gains Armorbane.”",Creature. Leviathan. Elite.,Army,Caustic_Tyrannofex,5,3,4,4,0,Death World Cycle,Unforgiven,Hive Mind.,3
891,Loamy Broodhive,Tyranids,Common,"Reaction: After you deploy an Elite unit, exhaust this support to put 2 Termagant tokens into play at the same planet as that unit.",Location.,Support,Loamy_Broodhive,1,-1,-1,-1,0,Death World Cycle,Unforgiven,,3
892,Focal Warrior,Tyranids,Common,Each Elite unit you control at this planet gains Brutal.,Creature. Kraken.,Army,Focal_Warrior,2,1,1,3,0,Death World Cycle,Slash and Burn,,3
893,Flesh Hooks,Tyranids,Common,"Deep Strike (1).
Attach to an enemy army unit with printed cost 2 or lower.
Attached unit cannot be readied.",Wargear. Biomorph.,Attachment,Flesh_Hooks,1,-1,-1,-1,1,Death World Cycle,Slash and Burn,Deep Strike.,3
894,Mucolid Spores,Tyranids,Common,"Flying. Mobile. 
Interrupt: When this unit is destroyed, destroy up to 2 target enemy support cards.",Creature.,Army,Mucolid_Spores,3,1,0,2,0,Death World Cycle,Searching for Truth,Mobile.Flying.,3
895,Burst Forth,Tyranids,Common,"Deep Strike (0).
Reaction: After you Deep Strike this event, commit either your warlord or a synapse unit you control to this planet.",Tactic.,Event,Burst_Forth,-1,-1,-1,-1,1,Death World Cycle,Searching for Truth,Deep Strike.,3
896,Lictor Vine Lurker,Tyranids,Common,"Deep Strike (2).
Reaction: After you Deep Strike this unit, discard 1 card at random from your opponent's hand.",Creature. Leviathan.,Army,Lictor_Vine_Lurker,4,1,3,3,0,Death World Cycle,Against the Great Enemy,Deep Strike.,3
897,Invasion Site,Tyranids,Common,"Reaction: After an Elite unit you control is destroyed, sacrifice this support to gain X RESOURCE. X is equal to that unit's printed cost.",Location.,Support,Invasion_Site,0,-1,-1,-1,0,Death World Cycle,Against the Great Enemy,Unique.,3
898,Slavering Mawloc,Tyranids,Common,"Deep Strike (3).
Reaction: After you Deep Strike this unit, it gains Armorbane until the end of the phase.",Creature. Leviathan. Elite.,Army,Slavering_Mawloc,6,0,3,6,0,Death World Cycle,The Warp Unleashed,Deep Strike.,3
899,Armored Shell,Tyranids,Common,"Attach to an army unit you control.
Reaction: After attached unit is assigned damage by an attack, prevent all but 2 of that damage.",Wargear. Biomorph.,Attachment,Armored_Shell,2,-1,-1,-1,1,Death World Cycle,The Warp Unleashed,,3
900,"""Parasite of Mortrex""",Tyranids,Signature,"Flying.
Reaction: After this warlord is declared as an attacker, search your discard pile or your deck for a Condition attachment. Reveal it, and put it into play attached to an eligible enemy unit at this planet. Then, shuffle your deck.",Creature. Kraken.,Warlord,Parasite_of_Mortrex,-1,-1,1,7,0,Navida Prime Cycle,Breaching the Veil,Flying.Unique.,1
901,Savage Parasite,Tyranids,Signature,"Attach to a non-warlord unit.
Reaction: After the combat phase begins, put 1 Termagant token into play at this planet, and deal attached unit 1 damage.
Interrupt: When this attachment leaves play, attach it to a target eligible unit instead.",Condition.,Attachment,Savage_Parasite,6,-1,-1,-1,1,Navida Prime Cycle,Breaching the Veil,,4
902,Swarming Rippers,Tyranids,Signature,Each enemy unit with 1 or more Condition attachments at this planet gets -1 ATK.,Creature. Swarm.,Army,Swarming_Rippers,2,1,2,2,0,Navida Prime Cycle,Breaching the Veil,,2
903,Sweep Attack,Tyranids,Signature,"Reaction: After your warlord commits to a planet, search your discard pile or your deck for a Condition attachment. Reveal it, and put it into play attached to an eligible enemy unit at an adjacent planet. Then, shuffle your deck.",Tactic.,Event,Sweep_Attack,0,-1,-1,-1,3,Navida Prime Cycle,Breaching the Veil,,1
904,Prey on the Weak,Tyranids,Signature,"Interrupt: When an enemy unit with a Condition attachment leaves play from a planet, exhaust this support to infest that planet. 
Action: Sacrifice a Synapse unit to put a Synapse unit with a different name into play at your HQ from the card collection. (Limit once per game.)",Upgrade.,Support,Prey_on_the_Weak,1,-1,-1,-1,0,Navida Prime Cycle,Breaching the Veil,,1
905,Ardaci-strain Broodlord,Tyranids,Loyal,"Reaction: After you infest a planet, draw a card and infest an adjacent planet. (Limit once per phase.)",Creature. Genestealer. Elite.,Synapse,Ardaci-strain_Broodlord,-1,1,1,4,0,Confrontation Cycle,By Imperial Decree,Unique.,1
906,Aberrant Alpha,Tyranids,Loyal,Each army unit you control at an infested planet gets +1 HP.,Genestealer. Elite.,Synapse,Aberrant_Alpha,-1,1,1,4,0,Bloodied Path Cycle,Herald of the Plague God,Unique.,1
907,Praetorian Shadow,Tyranids,Loyal,"While this unit is at the same or adjacent planet as your warlord, your warlord gets +1 ATK.
Reaction: After your warlord is assigned damage, exhaust this unit to prevent 1 of that damage.",Creature. Elite.,Synapse,Praetorian_Shadow,-1,1,1,5,0,Chronicles of Heroes,Chronicles of Heroes,Unique.,1
908,Vanguarding Horror,Tyranids,Loyal,"Reduce the Deep Strike value of each card you control at each adjacent planet by 1.
Combat Action: Exhaust this unit to move a card in reserve either: from this planet to an adjacent planet or from an adjacent planet to this planet.",Creature. Elite.,Synapse,Vanguarding_Horror,-1,1,1,4,0,Chronicles of Heroes,Chronicles of Heroes,Unique.,1
909,Seething Mycetic Spore,Tyranids,Common,"Deep Strike (1).
Reaction: After you Deep Strike this unit, put 2 army units into play from your hand or discard pile at this planet. They must have different names and a printed cost of 1 or less.",Creature. Transport.,Army,Seething_Mycetic_Spore,-1,0,1,3,0,Bloodied Path Cycle,Herald of the Plague God,Deep Strike.,3
910,Spreading Genestealer Brood,Tyranids,Common,"Reaction: After this unit enters play, put a Brood unit into play from your discard pile at this planet.",Creature. Genestealer. Brood.,Army,Spreading_Genestealer_Brood,1,1,1,1,0,Confrontation Cycle,The Laughing God,,3
911,Icy Trygon,Tyranids,Common,"Deep Strike (1).
Interrupt: When this unit would be destroyed by taking damage, remove all damage from it and put it into reserve at this planet instead.",Creature.,Army,Icy_Trygon,3,1,2,4,0,Bloodied Path Cycle,The Shadow in the Warp,Deep Strike.,3
912,Emergent Cultists,Tyranids,Common,"While at an infested planet, this unit gets +1 HP.
Reaction: After you deploy this unit, exhaust a target enemy support card.",Hybrid. Genestealer.,Army,Emergent_Cultists,2,1,3,2,0,Confrontation Cycle,By Imperial Decree,,3
913,Growing Tide,Tyranids,Common,"No Attachments. Cannot Retreat.
Interrupt: When this unit leaves the first planet, move it to an adjacent planet to remove all damage from it and give it +1 ATK and +1 HP until the end of the game instead.",Swarm.,Army,Growing_Tide,2,1,1,1,0,Confrontation Cycle,The Laughing God,No Attachments.,3
914,Rain of Mycetic Spores,Tyranids,Common,"Limited.
Attach to a planet. (Limit 1 per planet)
Headquarters Action: Exhaust this attachment to infest attached planet. If the planet is already infested, infest an adjacent planet instead. If all adjacent planets are already infested, gain 2 RESOURCE instead.",Location.,Attachment,Rain_of_Mycetic_Spores,1,-1,-1,-1,1,Navida Prime Cycle,Promise of War,Limited.,3
915,Adaptative Thorax Swarm,Tyranids,Common,"Attach to an army unit.
Attached unit gets +1 ATK and +1 HP per planet in your victory display.
Reaction: After the first round begins, reveal this card from your hand and up to two cards from your hand, put them on the bottom of your deck in any order and draw the same amount of cards.",Biomorph.,Attachment,Adaptative_Thorax_Swarm,1,-1,-1,-1,2,Navida Prime Cycle,Overrun,Unique.,3
916,Contaminated Convoys,Tyranids,Common,"Reaction: After a phase begins, until the end of this phase, when an enemy army unit enters play at a planet, put a Termagant token into play at the same planet and infest it.",Tactic.,Event,Contaminated_Convoys,1,-1,-1,-1,1,Navida Prime Cycle,Enemy Territory,,3
917,Overrun,Tyranids,Common,"If all effects of this event are cancelled, draw 2 cards.
Action: Exhaust a target army unit. Then, you may sacrifice a unit to rout it.",Tactic.,Event,Overrun,2,-1,-1,-1,1,Confrontation Cycle,A Mask Falls Off,,3
918,Rapid Evolution,Tyranids,Common,"Limited.
Deploy Action: Discard one or more cards from your hand. For each unit discarded, put a Termagant token into play at a planet. For each attachment, draw a card.For each support, gain 1 RESOURCE.(Limit 2 per type)",Power.,Event,Rapid_Evolution,0,-1,-1,-1,2,Bloodied Path Cycle,The Shadow in the Warp,Limited.,3
919,Drifting Spore Mines,Tyranids,Common,"Forced Reaction: After the combat phase begins, your opponent moves this unit to an adjacent planet. Then you may deal 1 damage to this unit to deal 1 damage to a non-unique unit at that planet.",Creature. Drone.,Army,Drifting_Spore_Mines,1,1,0,2,0,Confrontation Cycle,The Laughing God,,3
920,Goliath Rockgrinder,Tyranids,Common,"While at an infested planet, this unit gets +2 HP.
Reaction: After this unit destroys an enemy unit, put X Termagant tokens into play at this planet. X is the printed HP value of that enemy unit. (Limit once per phase.)",Genestealer. Vehicle. Elite.,Army,Goliath_Rockgrinder,5,2,3,5,0,Confrontation Cycle,A Mask Falls Off,,3
921,Magus Harid,Tyranids,Signature,"Reaction: After an enemy unit enters play, put a card from your hand facedown attached to that unit. Then draw a card. (Limit once per round.)
As an interrupt when that unit leaves play, you may deploy the facedown card at the same planet.",Hybrid. Genestealer.,Warlord,Magus_Harid,-1,-1,2,7,0,Confrontation Cycle,A Mask Falls Off,Unique.,1
922,Genestealer Hybrids,Tyranids,Signature,"Cannot be deployed from your hand.
Each other unit you control at this planet cannot be damaged by Area Effect.
This unit must be declared as a defender, if able.",Hybrid. Genestealer.,Army,Genestealer_Hybrids,2,1,2,4,0,Confrontation Cycle,A Mask Falls Off,,4
923,Imperial Bastion,Tyranids,Signature,"Your warlord's ability can trigger twice per round instead of once.
Combat Action: Exhaust this support to deal 1 damage to a unit with a facedown attached card.",Location. Genestealer.,Support,Imperial_Bastion,1,-1,-1,-1,0,Confrontation Cycle,A Mask Falls Off,,1
924,Banner of the Cult,Tyranids,Signature,"Attach to an army unit you control.
Interrupt: When attached unit leaves play, exhaust a target enemy army unit at this planet and return this card to your hand.",Standard. Genestealer.,Attachment,Banner_of_the_Cult,0,-1,-1,-1,3,Confrontation Cycle,A Mask Falls Off,,1
925,Accelerated Gestation,Tyranids,Signature,"Action: Reveal a facedown card you control attached to a unit. If it is a unit, deploy it at this planet and deal 1 unpreventable damage to attached unit. (Max 1 per round.)",Tactic. Genestealer.,Event,Accelerated_Gestation,0,-1,-1,-1,1,Confrontation Cycle,A Mask Falls Off,,2
926,Hive Ship Tendrils,Tyranids,Common,"Reaction: After a unit you control with the Hive Mind specialization leaves play, put an infestation token on this support. Then you may sacrifice this support to put a unit with the Hive Mind specialization and printed cost equal or lower to the number of tokens on this support into play from your discard pile at a planet.",Location.,Support,Hive_Ship_Tendrils,0,-1,-1,-1,0,Navida Prime Cycle,Enemy Territory,Unique.,3
927,Vale Tenndrac,Tyranids,Common,"Reaction: After this unit enters play, put 1 Termagant token into play at this planet and each adjacent infested planet.
Interrupt: When your opponent triggers an ability that discards a card from your hand, put this unit into play at a planet to draw two cards.",Hybrid. Genestealer.,Army,Vale_Tenndrac,2,1,2,3,0,Confrontation Cycle,The Laughing God,Unique.,3
928,Tunneling Mawloc,Tyranids,Common,"Deep Strike (3).
Reaction: After you deep strike this unit, move a non-Elite army unit you control or up to 4 Termagants you control to this planet. Then infest this planet.",Creature. Kraken. Elite.,Army,Tunneling_Mawloc,5,1,4,4,0,Navida Prime Cycle,Aligned Stars,Deep Strike.,3
929,Shedding Hive Crone,Tyranids,Common,"Flying.
Reaction: After an attack by this unit against an army unit doesn't destroy it, put 3 Termagant tokens into play at this planet. If the planet is infested, put 4 tokens instead.",Creature. Kraken. Elite.,Army,Shedding_Hive_Crone,7,1,6,7,0,Confrontation Cycle,A Mask Falls Off,Flying.,3
930,Erupting Aberrants,Tyranids,Common,"Reaction: After your opponent captures a planet, destroy a target army unit and put this unit into play from your hand at the same planet under the control of the controller of the destroyed unit. Then if that unit had 1 or more attachments, pay 1 RESOURCE, if able.",Hybrid. Genestealer.,Army,Erupting_Aberrants,3,1,3,4,0,Navida Prime Cycle,Overrun,,3
931,Strangleweb Termagant,Tyranids,Common,"Interrupt: When an enemy army unit would move from this planet to another planet, exhaust this unit to cancel that move.",Creature. Termagant.,Army,Strangleweb_Termagant,1,1,0,2,0,Navida Prime Cycle,Promise of War,,3
932,Planet Absorption,Tyranids,Common,"Deploy Action: Gain 3 RESOURCE and draw 3 cards. Then remove a planet in your victory display from the game. When this round ends or when another event named ""Planet Absorption"" is played, you lost the game. Max 1 per round.",Tactic.,Event,Planet_Absorption,0,-1,-1,-1,2,Navida Prime Cycle,Aligned Stars,,3
933,Reinforced Synaptic Network,Tyranids,Common,"Deploy Action: Put a synapse unit into play at your HQ from the card collection (only once per synapse). When your warlord commits to a planet, commit this unit to an adjacent planet. At the end of the round, discard any synapse unit not from your deck you control.",Tactic.,Event,Reinforced_Synaptic_Network,1,-1,-1,-1,1,Defenders of the Faith,Defenders of the Faith,,3
934,Pulsating Carapace,Tyranids,Common,"Attach to a Behemoth warlord unit.
Reduce all damage taken by attached unit to 2.
Action: Exhaust this attachment to remove 2 damage from attached unit or infest this planet.",Biomorph.,Attachment,Pulsating_Carapace,2,-1,-1,-1,1,Bloodied Path Cycle,Herald of the Plague God,Preparation.Unique.,3
935,Hive Fleet Behemoth,Tyranids,Common,"Reaction: After you capture a planet, put a token on this support. Then if there are 2 tokens or more on this support, put a Termagant token into play at each planet.",Pledge.,Support,Hive_Fleet_Behemoth,1,-1,-1,-1,0,Chronicles of Heroes,Chronicles of Heroes,Preparation.,1
936,Hive Fleet Kraken,Tyranids,Common,"While there are 4 tokens or more on this support, each Hive-mind unit you control at a planet with a warlord or synapse unit you control gets +1 HP.
Reaction: After you deploy a Hive-mind unit put a token on this support.",Pledge.,Support,Hive_Fleet_Kraken,1,-1,-1,-1,0,Chronicles of Heroes,Chronicles of Heroes,Preparation.,1
937,Hive Fleet Leviathan,Tyranids,Common,"Reduce damage dealt by Area Effect to 1.
Reaction: After you deploy this support, infest a target planet.",Pledge.,Support,Hive_Fleet_Leviathan,1,-1,-1,-1,0,Chronicles of Heroes,Chronicles of Heroes,Preparation.,1
938,"""Subject: W-808""",Tyranids,Signature,"Reaction: After the deploy phase begins, pay 1 resource to put into play a synapse unit from the card collection at a non-first planet. Remove that card from the game at the end of the round. (Limit once per synapse)",Creature. Dagon.,Warlord,Subject_W-808,-1,-1,2,6,0,Bloodied Path Cycle,Last Stand,Unique.,1
939,Burgeoning Incubation,Tyranids,Signature,"Reaction: After the deploy phase begins, sacrifice this supportsto target a planet. If you win a battle at that planet this round, put a synapse into play from the card collection at your HQ.",Location.,Support,Burgeoning_Incubation,1,-1,-1,-1,0,Bloodied Path Cycle,Last Stand,,1
940,Protective Horrors,Tyranids,Signature,"While at a planet with a unique unit, this unit gets Sweep (1).
Reaction: After a synapse unit at this planet is assigned damage, reassign all of that damage to this unit instead.",Creature.,Army,Protective_Horrors,2,1,1,3,0,Bloodied Path Cycle,Last Stand,,4
941,The Shadow in the Warp,Tyranids,Signature,"Limited.
Action: Until the end of the round, gain 1 resource each time you play an event and your opponent must pay 1 resource each time they play an event.",Power.,Event,The_Shadow_in_the_Warp,0,-1,-1,-1,1,Bloodied Path Cycle,Last Stand,Limited.,2
942,Planetary Devastation,Tyranids,Signature,"Limited.
Attach to a planet.
Attached planet loses its textbox, type (color) and its bonuses are set to 0.
Action: Return this attachment to your hand to put a Termagant token into play at this planet.",Disaster.,Attachment,Planetary_Devastation,0,-1,-1,-1,3,Bloodied Path Cycle,Last Stand,Limited.,1
943,Nahumekh,Necrons,Signature,"Reaction: After the combat phase begins, a target army unit at this planet gets -X HP until the end of the phase. X is the number of non-Necrons factions among units you control.",Warrior. Sautekh.,Warlord,Nahumekh,-1,-1,2,6,0,Legions of Death,Legions of Death,Unique.,1
944,Destroyer Cultist,Necrons,Signature,This unit gets +1 ATK for each non-Necrons faction among units you control.,Warrior. Sautekh.,Army,Destroyer_Cultist,3,1,1,4,0,Legions of Death,Legions of Death,,4
945,Obedience,Necrons,Signature,"Reaction: After a phase begins, exhaust this support to move a non-Necrons unit you control to a target planet.",Upgrade.,Support,Obedience,2,-1,-1,-1,0,Legions of Death,Legions of Death,,1
946,Hate,Necrons,Signature,Deploy Action: Destroy a target army unit with a faction symbol that matches your enslaved faction. X is that unit's printed cost.,Tactic.,Event,Hate,0,-1,-1,-1,1,Legions of Death,Legions of Death,,2
947,The Staff of Command,Necrons,Signature,"Attach to your warlord.
Action: Exhaust this attachment to set your enslavement dial to another faction.",Wargear. Weapon.,Attachment,The_Staff_of_Command,0,-1,-1,-1,3,Legions of Death,Legions of Death,Unique.,1
948,Anrakyr the Traveller,Necrons,Signature,Deploy Action: Deploy the topmost unit card in a target discard pile. (Limit once per phase.),Soldier.,Warlord,Anrakyr_the_Traveller,-1,-1,2,7,0,Legions of Death,Legions of Death,Unique.,1
949,Pyrrhian Eternals,Necrons,Signature,"For each card named Pyrrhian Eternals in your discard pile, this unit gets +1 ATK and +1 HP.",Soldier.,Army,Pyrrhian_Eternals,2,1,1,1,0,Legions of Death,Legions of Death,,5
950,Slumbering Tomb,Necrons,Signature,"Action: Exhaust this support to draw 2 cards. Then, discard 2 cards from your hand.",Location.,Support,Slumbering_Tomb,1,-1,-1,-1,0,Legions of Death,Legions of Death,,1
951,Awake the Sleepers,Necrons,Signature,Action: Shuffle any number of Necrons cards from your discard pile into your deck.,Tactic.,Event,Awake_the_Sleepers,1,-1,-1,-1,1,Legions of Death,Legions of Death,,1
952,Pyrrhian Warscythe,Necrons,Signature,"Attach to your warlord.
Attached unit gets +1 ATK.
Reaction: After attached unit is declared as an attacker, discard the top 2 cards of your deck.",Wargear. Weapon.,Attachment,Pyrrhian_Warscythe,1,-1,-1,-1,3,Legions of Death,Legions of Death,,1
953,Canoptek Scarab Swarm,Necrons,Common,"Interrupt: When this unit is destroyed, return a target Necrons unit from your discard pile to your hand.",Drone.,Army,Canoptek_Scarab_Swarm,1,0,2,2,0,Legions of Death,Legions of Death,,3
954,Warriors of Gidrim,Necrons,Common,This unit gains 1 command icon while you have 2 or more non-Necrons factions among units you control.,Warrior. Sautekh.,Army,Warriors_of_Gidrim,1,1,1,1,0,Legions of Death,Legions of Death,,3
955,Flayed Ones Pack,Necrons,Common,"Forced Reaction: After this unit is declared as an attacker, discard the top 3 cards of your deck.",Warrior.,Army,Flayed_Ones_Pack,2,1,3,2,0,Legions of Death,Legions of Death,,3
956,Immortal Vanguard,Necrons,Common,Each non-Necrons Warrior unit you control at this planet gets +1 ATK and +1 HP.,Soldier. Novokh.,Army,Immortal_Vanguard,2,1,1,3,0,Legions of Death,Legions of Death,,3
957,Patrolling Wraith,Necrons,Common,"Reaction: After this unit destroys an enemy unit by an attack, your opponent must reveal his hand and discard each revealed card with the same name as the destroyed unit.",Drone.,Army,Patrolling_Wraith,2,0,2,3,0,Legions of Death,Legions of Death,,3
958,Decaying Warrior Squad,Necrons,Common,Combat Action: Deploy this card from your discard pile at a planet.,Warrior.,Army,Decaying_Warrior_Squad,2,0,2,2,0,Legions of Death,Legions of Death,,3
959,Deathmark Assassins,Necrons,Common,"Reaction: After the combat phase begins, discard the top card of your deck. This unit gets +X ATK until the end of the phase. X is the printed cost of the discarded card.",Scout.,Army,Deathmark_Assassins,3,0,2,3,0,Legions of Death,Legions of Death,,3
960,Mandragoran Immortals,Necrons,Common,"Ranged.
Action: Sacrifice a non-Necrons Soldier unit at this planet to ready this unit. (Limit once per phase.)",Soldier. Sautekh.,Army,Mandragoran_Immortals,3,1,2,3,0,Legions of Death,Legions of Death,,3
961,Tomb Blade Squadron,Necrons,Common,"No Wargear Attachments.
Reaction: After you deploy a non-Necrons Scout unit, move this unit to a planet. Then, a target non-warlord unit at this planet gets -1 HP until the end of the phase.",Vehicle. Sautekh.,Army,Tomb_Blade_Squadron,3,2,0,3,0,Legions of Death,Legions of Death,No Wargear Attachments.,3
962,Reanimating Warriors,Necrons,Common,"Interrupt: When this unit would be destroyed by taking damage, remove all damage from it and move this unit to an adjacent planet instead. (Limit once per phase.)",Warrior.,Army,Reanimating_Warriors,3,1,2,2,0,Legions of Death,Legions of Death,,3
963,Canoptek Spyder,Necrons,Common,"Combat Action: During a battle at this planet, discard a unit card from your hand to remove 2 damage from a Necrons army unit you control at this planet. (Limit once per combat round.)",Drone.,Army,Canoptek_Spyder,4,1,4,3,0,Legions of Death,Legions of Death,,3
964,Immortal Legion,Necrons,Common,Combat Action: Exhaust this unit to move it to a planet with an enemy warlord with a faction symbol that matches your enslaved faction.,Soldier. Sautekh.,Army,Immortal_Legion,4,2,4,4,0,Legions of Death,Legions of Death,,3
965,Praetorian Ancient,Necrons,Common,"While you have 6 or more units in your discard pile, this unit gets +2 ATK and gains Armorbane.",Soldier.,Army,Praetorian_Ancient,4,1,3,4,0,Legions of Death,Legions of Death,,3
966,Harbinger of Eternity,Necrons,Common,"You may play each event card from your discard pile as if it were in your hand.
Forced Reaction: After you play a event card from your discard pile, remove that card from the game.",Scholar. Elite.,Army,Harbinger_of_Eternity,5,3,3,5,0,Legions of Death,Legions of Death,,3
967,Lychguard Sentinel,Necrons,Common,"While you have 6 or more units in your discard pile, this unit gets +4 HP.Your opponent must declare a ready unit named Lychguard Sentinel as defender, if able.",Soldier. Elite.,Army,Lychguard_Sentinel,5,2,2,6,0,Legions of Death,Legions of Death,,3
968,Doom Scythe Invader,Necrons,Common,"No Wargear Attachments.
Reaction: After you deploy this unit, put a non-Elite Vehicle unit into play from your discard pile at this planet.",Vehicle. Sautekh. Elite.,Army,Doom_Scythe_Invader,6,2,4,4,0,Legions of Death,Legions of Death,No Wargear Attachments.Flying.,3
969,Doomsday Ark,Necrons,Common,"Area Effect (X).
No Wargear Attachments.
X is the number of non- factions among units you control.",Vehicle. Elite.,Army,Doomsday_Ark,6,2,5,5,0,Legions of Death,Legions of Death,No Wargear Attachments.,3
970,Dread Monolith,Necrons,Common,"No Wargear Attachments.
Combat Action: Discard the top 3 cards of your deck. Then, put a Necrons non-Vehicle unit discarded by this effect into play at this planet. (Limit once per round.)",Vehicle. Elite.,Army,Dread_Monolith,8,5,5,7,0,Legions of Death,Legions of Death,No Wargear Attachments.,3
971,Reanimation Protocol,Necrons,Common,Action: Remove up to 2 damage from a Necrons unit you control. Max 1 per round.,Tactic.,Event,Reanimation_Protocol,0,-1,-1,-1,1,Legions of Death,Legions of Death,,3
972,Recycle,Necrons,Common,"Action: Discard 2 cards from your hand. Then, draw 3 cards.",Power.,Event,Recycle,1,-1,-1,-1,1,Legions of Death,Legions of Death,,3
973,Mechanical Enhancement,Necrons,Common,Combat Action: Each Necrons unit you control at a target planet gets +2 HP until the end of the phase.,Tactic.,Event,Mechanical_Enhancement,2,-1,-1,-1,2,Legions of Death,Legions of Death,,3
974,Drudgery,Necrons,Common,"Limited.
Action: Put a target non-Necrons unit with printed cost 3 or lower into play from your discard pile at a planet.",Tactic.,Event,Drudgery,2,-1,-1,-1,1,Legions of Death,Legions of Death,Limited.,3
975,Extermination,Necrons,Common,Deploy Action: Each non-unique non-Necrons unit at a target planet gets -3 HP until the end of the phase. You must pass during your next deployment turn.,Tactic.,Event,Extermination,5,-1,-1,-1,1,Legions of Death,Legions of Death,,3
976,Gauss Flayer,Necrons,Common,"Attach to a Necrons army unit.
Combat Action: During a battle at this planet, exhaust attached unit to give a target enemy army unit at this planet -2 HP until the end of the phase.",Wargear. Weapon.,Attachment,Gauss_Flayer,1,-1,-1,-1,1,Legions of Death,Legions of Death,,3
977,Royal Phylactery,Necrons,Common,"Attach to a Necrons army unit.
Reaction: After a phase begins or a combat round at this planet begins, remove 1 damage from attached unit.",Wargear.,Attachment,Royal_Phylactery,1,-1,-1,-1,2,Legions of Death,Legions of Death,,3
978,Hyperphase Sword,Necrons,Common,"Attach to a Necrons army unit.
Attached unit gets +1 ATK and gains Armorbane.
Action: Discard a card from your hand to attach this card to another eligible unit at this planet.",Wargear. Weapon.,Attachment,Hyperphase_Sword,2,-1,-1,-1,1,Legions of Death,Legions of Death,,3
979,Resurrection Orb,Necrons,Common,"Attach to an Elite Necrons unit you control.
Reaction: After a combat round at this planet begins, if the topmost card of your discard pile is a non-Elite unit, put it into play at this planet.",Wargear.,Attachment,Resurrection_Orb,2,-1,-1,-1,2,Legions of Death,Legions of Death,,3
980,Mind Shackle Scarab,Necrons,Common,"Attach to a non-Elite army unit.
Action: If attached unit's faction symbol matches your enslaved faction, exhaust this attachment to gain control of attached unit until the end of the phase.",Drone.,Attachment,Mind_Shackle_Scarab,3,-1,-1,-1,1,Legions of Death,Legions of Death,,3
981,Timeworn Stasis-Crypt,Necrons,Common,"Limited.
Interrupt: When you deploy a Necrons card, exhaust this support to reduce the card's cost by 1.",Location.,Support,Timeworn_Stasis-Crypt,1,-1,-1,-1,0,Legions of Death,Legions of Death,Limited.Unique.,3
982,Weight of the Aeons,Necrons,Common,"Reaction: After a phase begins, exhaust this support to have each player discard the top 2 cards of his deck.",Upgrade.,Support,Weight_of_the_Aeons,1,-1,-1,-1,0,Legions of Death,Legions of Death,,3
983,Eternity Gate,Necrons,Common,Action: Exhaust this support to choose a card in a target player's discard pile and place it on top of that discard pile.,Upgrade.,Support,Eternity_Gate,1,-1,-1,-1,0,Legions of Death,Legions of Death,,3
984,Sautekh Complex,Necrons,Common,"Limited.
Reaction: After you deploy a unit from a non-Necrons faction, if you control no other units from that faction, gain 1 RESOURCE or draw 1 card.",Location.,Support,Sautekh_Complex,1,-1,-1,-1,0,Legions of Death,Legions of Death,Limited.,3
985,Master Program,Necrons,Common,Action: Exhaust this support and sacrifice a Drone card to remove all damage from target army unit you control and ready it.,Upgrade.,Support,Master_Program,2,-1,-1,-1,0,Legions of Death,Legions of Death,Unique.,3
986,Particle Whip,Necrons,Common,Headquarters action: Exhaust this support and shuffle any number of unit cards from your discard pile into your deck to deal X damage to a target non-Elite army unit. X is the number of cards shuffled into your deck.,Artillery. Upgrade.,Support,Particle_Whip,3,-1,-1,-1,0,Legions of Death,Legions of Death,,3
987,Immortal Loyalist,Necrons,Common,"Each Elite unit you control at this planet gains, “Interrupt: When this unit is targeted by a triggered effect for the first time this round, cancel that effect.”",Soldier.,Army,Immortal_Loyalist,2,1,1,3,0,Death World Cycle,Jungles of Nectavus,,3
988,Shroud Cruiser,Necrons,Common,Action: Exhaust this support to move an Elite unit you control to an adjacent planet.,Upgrade.,Support,Shroud_Cruiser,2,-1,-1,-1,0,Death World Cycle,Jungles of Nectavus,,3
989,Hunting Acanthrites,Necrons,Common,Each unit with printed cost 2 or lower at this planet gets -1 HP,Drone.,Army,Hunting_Acanthrites,3,0,1,3,0,Death World Cycle,Unforgiven,,3
990,Defensive Protocols,Necrons,Common,"Deep Strike (2).
Reaction: After you Deep Strike this event, until the end of this battle's first combat round, reduce all damage taken by Necrons units you control to 1.",Tactic.,Event,Defensive_Protocols,-1,-1,-1,-1,1,Death World Cycle,Unforgiven,Deep Strike.,3
991,Rumbling Tomb Stalker,Necrons,Common,"Reaction: After this unit assigns damage by an attack, remove 1 damage from it.",Drone. Elite.,Army,Rumbling_Tomb_Stalker,5,1,2,7,0,Death World Cycle,Slash and Burn,,3
992,Illuminor Szeras,Necrons,Signature,"Reaction: After you remove any amount of damage from a Necrons army unit, gain 1 RESOURCE.",Scholar.,Warlord,Illuminor_Szeras,-1,-1,1,8,0,Death World Cycle,Searching for Truth,Unique.,1
993,Augmented Warriors,Necrons,Signature,"Forced Reaction: After this unit enters play, deal it 2 unpreventable damage.",Soldier.,Army,Augmented_Warriors,2,1,2,4,0,Death World Cycle,Searching for Truth,,4
994,Dissection Chamber,Necrons,Signature,"Forced Reaction: After an army unit enters play, deal it 1 damage.",Location.,Support,Dissection_Chamber,2,-1,-1,-1,0,Death World Cycle,Searching for Truth,,1
995,Vivisection,Necrons,Signature,Action: Target a planet. Remove 1 damage from each Necrons unit you control at the targeted planet and deal 1 damage to each non-Necrons unit at the targeted planet.,Tactic.,Event,Vivisection,3,-1,-1,-1,1,Death World Cycle,Searching for Truth,,2
996,Eldritch Lance,Necrons,Signature,"Attach to your warlord.
Attached unit gets +1 ATK.
Combat Action: Exhaust this attachment to remove 1 damage from a unit at this planet.",Wargear. Weapon.,Attachment,Eldritch_Lance,1,-1,-1,-1,3,Death World Cycle,Searching for Truth,,1
997,Risen Warriors,Necrons,Common,Deep Strike (0),Soldier.,Army,Risen_Warriors,3,0,2,2,0,Death World Cycle,Against the Great Enemy,Deep Strike.,3
998,Quantum Shielding,Necrons,Common,"Attach to a Necrons Vehicle unit you control.
Attached unit gets +2 HP.
Interrupt: When this card is discarded as a shield card, attach it to the shielded unit instead of discarding it, if eligible.",Hardpoint.,Attachment,Quantum_Shielding,2,-1,-1,-1,1,Death World Cycle,Against the Great Enemy,,3
999,Dread Command Barge,Necrons,Common,"No Wargear Attachments.
Command Action: Discard a non-Necrons card from your hand to move this unit to an adjacent planet.",Vehicle.,Army,Dread_Command_Barge,4,3,3,3,0,Death World Cycle,The Warp Unleashed,No Wargear Attachments.,3
1000,Shard of the Deceiver,Necrons,Common,"X is equal to the number of cards in your discard pile.
Forced Reaction: After a phase or combat round at this planet begins, discard a card. If you have no cards in your hand, discard this unit.",C'tan. Elite.,Army,Shard_of_the_Deceiver,7,2,0,0,0,Death World Cycle,The Warp Unleashed,,3
1001,Triarch Stalkers Procession,Necrons,Common,"No Wargear Attachments.
Forced Reaction: After you deploy this unit, have your opponent draw 2 cards.",Vehicle.,Army,Triarch_Stalkers_Procession,3,2,4,6,0,Confrontation Cycle,By Imperial Decree,No Wargear Attachments.,3
1002,Parasitic Scarabs,Necrons,Common,"No Wargear attachments.
Interrupt: When you deploy a Necrons unit, deal 1 damage to this unit and the deployed unit to reduce its cost by 1. Then discard the top card of your deck.",Drone.,Army,Parasitic_Scarabs,2,1,0,4,0,Navida Prime Cycle,Overrun,,3
1003,Replicating Scarabs,Necrons,Common,Combat Action: Exhaust this unit to remove 1 damage from a Necrons army unit at this planet.,Drone.,Army,Replicating_Scarabs,2,0,1,3,0,Navida Prime Cycle,Promise of War,,3
1004,Traumatophobia,Necrons,Common,"Attach to an enemy army unit.
Attached unit gains Lumbering.",Power.,Attachment,Traumatophobia,2,-1,-1,-1,2,Chronicles of Heroes,Chronicles of Heroes,,3
1005,Trazyn the Infinite,Necrons,Signature,"Interrupt: When your warlord would be defeated, move it to a target planet to remove all damagge from it instead.",Substitute.,Warlord,Trazyn_the_Infinite,-1,-1,2,2,0,Confrontation Cycle,A Mask Falls Off,Unique.,1
1006,Acquisition Phalanx,Necrons,Signature,"Reaction: After a unit you control moves to this planet, this unit gets +1 ATK and +1 HP until the end of the phase.",Soldier.,Army,Acquisition_Phalanx,2,1,2,3,0,Confrontation Cycle,A Mask Falls Off,,4
1007,Surrogate Host,Necrons,Signature,"Interrupt: When a unit you control is destroyed, move your warlord to the same planet.",Tactic.,Event,Surrogate_Host,0,-1,-1,-1,1,Confrontation Cycle,A Mask Falls Off,,2
1008,Reign of Solemnace,Necrons,Signature,Each army unit you control at a planet with your warlord gets +1HP.,Tomb World.,Support,Reign_of_Solemnace,1,-1,-1,-1,0,Confrontation Cycle,A Mask Falls Off,,1
1009,Third Eye of Trazyn,Necrons,Signature,"Attach to your warlord.
Attached unit gets +1 HP.
Combat Reaction: After your warlord moves to a planet, exhaust this attachment to move an army unit you control at that planet to an adjacent planet.",Wargear.,Attachment,Third_Eye_of_Trazyn,1,-1,-1,-1,3,Confrontation Cycle,A Mask Falls Off,,1
1010,Imotekh the Stormlord,Necrons,Signature,Combat Action: Remove a non-unique non-Eilte card in your discard pile from the game to switch its textbox (except for Traits) with a non-unique non-Elite card of the same type under your control until the end of the phase. (Limit once per phase.),Phaeron. Sautekh.,Warlord,Imotekh_the_Stormlord,-1,-1,2,7,0,Navida Prime Cycle,Aligned Stars,Unique.,1
1011,Court of the Stormlord,Necrons,Signature,"Reaction: After this unit enters play, look at the top 3 cards of your deck. Put 1 on the top of your deck, 1 on the bottom of your deck and 1 in your discard pile.",Soldier. Sautekh.,Army,Court_of_the_Stormlord,3,1,3,3,0,Navida Prime Cycle,Aligned Stars,,4
1012,Sautekh Royal Crypt,Necrons,Signature,"Reaction: After your opponent sets his command dial, exhaust this support to name a planet. If your opponent commits his warlord to that planet this phase, deal 1 damage to 1  enemy unit at that planet and each adjacent planet.",Location.,Support,Sautekh_Royal_Crypt,1,-1,-1,-1,0,Navida Prime Cycle,Aligned Stars,,1
1013,The Strength of the Enemy,Necrons,Signature,Combat Action: Replace the text box of an army unit you control with the printed text box of an enemy army unit at the same planet until the end of the phase. Then treat that enemy unit text box as if it were blank until the end of the phase. (Except for Traits.),Tactic.,Event,The_Strength_of_the_Enemy,2,-1,-1,-1,1,Navida Prime Cycle,Aligned Stars,,2
1014,Supreme Strategist,Necrons,Signature,"Attach to a planet. Each Sautekh unit you control at this planet gets +1 ATK.
Reaction: After the deploy phase begins, for each unit at this planet, its controller must choose to either rout it or exhaust it. Then discard this attachment.",Stratagem.,Attachment,Supreme_Strategist,2,-1,-1,-1,3,Navida Prime Cycle,Aligned Stars,,1
1015,Etekh the Awakener,Necrons,Signature,"Deploy Action: Choose a trait other than Elite, each army unit in your deck (anywhere) is considered to have that trait until the end of the round. (Limit once per phase.)",Phaeron. Suhbekhar.,Warlord,Etekh_the_Awakener,-1,-1,2,6,0,Bloodied Path Cycle,Herald of the Plague God,Unique.,1
1016,Convoking Praetorians,Necrons,Signature,"Reaction: After this unit enters play, change your enslavement dial.",Soldier. Suhbekhar.,Army,Convoking_Praetorians,1,1,1,3,0,Bloodied Path Cycle,Herald of the Plague God,,4
1017,Eldritch Reaping,Necrons,Signature,"Action: Your opponent announces a number between 0 and 5. Then you choose another number. The player with the highest number must deal an equal amount of indirect damage among units he controls, if that player is you, draw 2 cards and gain 2 RESOURCE.",Tactic.,Event,Eldritch_Reaping,0,-1,-1,-1,1,Bloodied Path Cycle,Herald of the Plague God,,2
1018,Crown of Control,Necrons,Signature,"Attach to your warlord.
Attached unit gains Sweep (1).
Action: Exhaust this attachment to remove up to 2 damage among units you control at this planet.",Wargear.,Attachment,Crown_of_Control,1,-1,-1,-1,3,Bloodied Path Cycle,Herald of the Plague God,,1
1019,Hollow Sun,Necrons,Signature,"While you control no unit of a faction, you may ignore your enslavement dial while deploying for that faction.",Tomb World.,Support,Hollow_Sun,1,-1,-1,-1,0,Bloodied Path Cycle,Herald of the Plague God,,1
1020,Tomb Blade Diversionist,Necrons,Common,"No Wargear attachments.
Reaction: After an enemy army unit resolves an attack at this planet, if this unit wasn't chosen as a defender, deal 1 damage to the attacker.",Vehicle.,Army,Tomb_Blade_Diversionist,3,1,2,3,0,Navida Prime Cycle,Enemy Territory,No Wargear Attachments.,3
1021,Raving Cryptek,Necrons,Common,"To deploy a unit at this planet, your opponent must reveal two units he can deploy from his hand. Choose one, its cost is increased by 2. Then your opponent decides which of those units to deploy.",Soldier.,Army,Raving_Cryptek,3,1,3,3,0,Confrontation Cycle,The Laughing God,,3
1022,Ghost Ark of Orikan,Necrons,Common,"No Wargear attachments.
Reaction: After a Necrons Soldier or Warrior unit you control at this planet is destroyed by an attack, put a target Necrons Soldier or Warrior unit with lower printed cost into play from your discard pile exhausted at the same planet.",Vehicle. Transport.,Army,Ghost_Ark_of_Orikan,4,1,2,5,0,Navida Prime Cycle,Promise of War,No Wargear Attachments.,3
1023,Flayed Ones Revenants,Necrons,Common,"As an additional cost to put this unit into play, discard 2 cards from your hand or pay 2 RESOURCE to discard the top 8 cards of your deck.
Reaction: After this unit leaves play as a result of an enemy card effect, draw 2 cards and gain 2 RESOURCE.",Warrior.,Army,Flayed_Ones_Revenants,4,2,6,6,0,Defenders of the Faith,Defenders of the Faith,,3
1024,Endless Legions,Necrons,Common,"Reaction: After a Necrons unit enters your discard pile from play, exhaust this support and place 2 units from your discard pile at the bottom of your deck to Rally 6 a Necrons unit with a printed cost of 3 or lower, put it into play at a target planet.",Upgrade.,Support,Endless_Legions,1,-1,-1,-1,0,Confrontation Cycle,The Laughing God,,3
1025,World Engine Beam,Necrons,Common,"Combat Action: Deal any amount of indirect damage that can not be reduced or prevented to a unit you control to place or remove the same amount of RESOURCE on this support. Each player may use this ability once per phase.
Interrupt: When this support has 8 RESOURCE on it, sacrifice it to destroy a non-unique unit, a support or an attachment.",World Engine.,Support,World_Engine_Beam,2,-1,-1,-1,0,Navida Prime Cycle,Aligned Stars,,3
1026,Optimized Protocol,Necrons,Common,"Reaction: After a unit you control enters play from your discard pile at a planet, put a target Necrons unit with printed cost 3 or lower into play from your discard pile at the same planet.",Tactic.,Event,Optimized_Protocol,1,-1,-1,-1,2,Navida Prime Cycle,Breaching the Veil,,3
1027,Necrodermis,Necrons,Common,"Play only during a battle.
Interrupt: When your warlord would be defeated by taking damage, remove all damage from it instead. At the end of the phase or when another event named ""Necrodermis"" is played, you lose the game.",Tactic.,Event,Necrodermis,1,-1,-1,-1,2,Navida Prime Cycle,Enemy Territory,,3
1028,Dynastic Weaponry,Necrons,Common,"Attach to a Necrons army unit. Limit 1 per unit.
Attached unit gets +1 ATK.
Reaction: After a unit enters play from your discard pile, put this card into play from your discard pile attached to that unit, if eligible.",Upgrade.,Attachment,Dynastic_Weaponry,0,-1,-1,-1,2,Navida Prime Cycle,Aligned Stars,,3
1029,Maynarkh Dynasty,Necrons,Common,"Reaction: After the deployment phase begins, remove 1 damage from your warlord.",Pledge.,Support,Maynarkh_Dynasty,1,-1,-1,-1,0,Bloodied Path Cycle,For the Enclaves,Preparation.,1
1030,Novokh Dynasty,Necrons,Common,"Place 5 non-Necrons non-Deep Strike common units, with a different faction, from the card collection in reserve at 5 different planets as buried units.
Interrupt: When you win a battle, gain 1 RESOURCE to Deep Strike your buried unit at that planet, its Deep Strike value equals its printed cost.",Pledge.,Support,Novokh_Dynasty,2,-1,-1,-1,0,Bloodied Path Cycle,For the Enclaves,Preparation.,1
1031,Sautekh Dynasty,Necrons,Common,"Reaction: After you deploy a non-Necrons unit, exhaust this support to give it +X HP until the end of the round. X equals the number of factions in your discard pile. Then, you may set your enslavement dial to any faction, if you do so, this support does not ready during the next headquarters phase.",Pledge.,Support,Sautekh_Dynasty,1,-1,-1,-1,0,Bloodied Path Cycle,For the Enclaves,Preparation.,1
1032,No Mercy,Neutral,Common,"Interrupt: When an opponent uses a shield card, exhaust a unique unit you control to cancel that card's shielding effect.",Tactic.,Event,No_Mercy,0,-1,-1,-1,1,Core Set,Core Set,,3
1033,Void Pirate,Neutral,Common,+1 card when command struggle won at this planet.,Ally.,Army,Void_Pirate,1,1,0,1,0,Core Set,Core Set,,3
1034,Rogue Trader,Neutral,Common,+1 resource when command struggle won at this planet.,Ally.,Army,Rogue_Trader,1,1,0,1,0,Core Set,Core Set,,3
1035,Fall Back!,Neutral,Common,"Reaction: After an Elite unit is destroyed, put it into play from your discard pile at your HQ.",Tactic.,Event,Fall_Back!,1,-1,-1,-1,1,Core Set,Core Set,,3
1036,Promethium Mine,Neutral,Common,"Limited.
Forced Reaction: After this card enters play, place 4 RESOURCE on it.
Reaction: After the deploy phase begins, transfer 1 RESOURCE from this card to your resource pool.",Location.,Support,Promethium_Mine,1,-1,-1,-1,0,Core Set,Core Set,Limited.,3
1037,Promotion,Neutral,Common,"Limited.
Attach to an army unit.
Attached unit gains 2 command icons.",Skill.,Attachment,Promotion,0,-1,-1,-1,1,Core Set,Core Set,Limited.,3
1038,Freebooter Kaptain,Neutral,Common,Army units with printed cost 2 or lower do not count their command icons during command struggles at this planet.,Ally.,Army,Freebooter_Kaptain,3,1,3,3,0,Legions of Death,Legions of Death,,3
1039,Backlash,Neutral,Common,"Interrupt: When your opponent triggers an ability that targets an Elite unit you control, cancel its effects. Then, if that ability was triggered from an army unit, destroy it.",Tactic.,Event,Backlash,1,-1,-1,-1,1,Legions of Death,Legions of Death,,3
1040,Defense Battery,Neutral,Common,"Attach to a planet.
Action: After an enemy army unit moves to or from attached planet, exhaust this attachment to deal 2 damage to that unit.",Artillery.,Attachment,Defense_Battery,1,-1,-1,-1,1,Legions of Death,Legions of Death,,3
1041,STC Fragment,Neutral,Common,"Limited.
Interrupt: When you deploy an Elite unit, exhaust this support to reduce the cost of that unit by 2.",Relic.,Support,STC_Fragment,1,-1,-1,-1,0,Legions of Death,Legions of Death,Limited.Unique.,3
1042,Calamity,Neutral,Common,Headquarters Action: Return each army unit with printed cost 2 or lower to its owner's hand.,Disaster.,Event,Calamity,2,-1,-1,-1,1,Warlord Cycle,The Howl of Blackmane,,3
1043,Inquisitor Caius Wroth,Neutral,Common,"Reaction: After this unit enters play, each player must choose and discard down to 4 cards in his hand, if able.",Psyker. Inquisitor.,Army,Inquisitor_Caius_Wroth,4,1,3,5,0,Warlord Cycle,Descendants of Isha,Unique.,3
1044,The Duke of Debris,Neutral,Common,"Interrupt: When you win a command struggle, instead of taking the card bonus search the top 2 cards of your deck for a card. Add it to your hand, and place the remaining cards on the bottom of your deck in any order. (Limit once per phase.)",Scavenger. Ally.,Army,The_Duke_of_Debris,1,1,0,2,0,Navida Prime Cycle,Overrun,Unique.,3
1045,Calibration Error,Neutral,Common,"Reaction: After an enemy non-warlord unit moves from a planet to another planet, exhaust that unit. Then, have your opponent deal an amount of indirect damage equal to that unit's printed ATK value among non-warlord units he controls at the same planet.",Disaster.,Event,Calibration_Error,2,-1,-1,-1,1,Navida Prime Cycle,Promise of War,,3
1046,Counterblow,Neutral,Common,"Interrupt: When your warlord is chosen as a defender, deal 1 unpreventable damage to the attacker. Then, if your warlord is exhausted, draw one card. (Max 1 per round.)",Tactic.,Event,Counterblow,0,-1,-1,-1,1,Navida Prime Cycle,Breaching the Veil,,3
1047,Imperial Blockade,Neutral,Common,"Deploy Action: Pay 1 RESOURCE per copy of this card in your discard pile and draw a card to target a planet. Until the end of the round, at that planet, players must pay 1 RESOURCE to trigger a non-warlord card effect that moves a unit to that planet, rout a unit or makes a non-Runt unit enter play.",Tactic.,Event,Imperial_Blockade,0,-1,-1,-1,1,Defenders of the Faith,Defenders of the Faith,,3
1048,Eldritch Council,Neutral,Common,"Reaction: After you deploy a non-Elite unit, exhaust this support to look at an amount of top cards of your equal to the unit's printed cost. Put up to 1 card on the bottom of your deck and place the remaining cards on top of your deck in any order. Then if your opponent has more cards in hand than you, draw a card.",Relic.,Support,Eldritch_Council,0,-1,-1,-1,0,Defenders of the Faith,Defenders of the Faith,Unique.,3
1049,Snotlings,Orks,Common,,Runt.,Token,Snotlings,-1,0,1,1,0,Core Set,Core Set,,10
1050,Cultist,Chaos,Common,"Interrupt: When you deploy a Daemon unit, sacrifice this unit to reduce its cost by 1.",Cultist.,Token,Cultist,-1,0,1,1,0,Core Set,Core Set,,10
1051,Guardsman,Astra Militarum,Common,,Soldier.,Token,Guardsman,-1,0,1,2,0,Core Set,Core Set,,10
1052,Khymera,Dark Eldar,Common,No Attachments.,Creature.,Token,Khymera,-1,0,2,1,0,Core Set,Core Set,No Attachments.,10
1053,Termagant,Tyranids,Common,,Creature. Termagant.,Token,Termagant,-1,0,1,1,0,The Great Devourer,The Great Devourer,,10
